Sample_Name	file	mate	structure	construct_type	celltype	genome
clone_2-13_34_Fw	7196_1_clone_2-13_34_Fw_TAAGGCGA-GCGATCTA_S2_R1_001.fastq.gz	R1	For_SB	SB	mESC	mm10
clone_2-13_34_Fw	7196_1_clone_2-13_34_Fw_TAAGGCGA-GCGATCTA_S2_R2_001.fastq.gz	R2	For_SB	SB	mESC	mm10
clone_2-25_34_Fw	7196_2_clone_2-25_34_Fw_CGTACTAG-GCGATCTA_S5_R1_001.fastq.gz	R1	For_SB	SB	mESC	mm10
clone_2-25_34_Fw	7196_2_clone_2-25_34_Fw_CGTACTAG-GCGATCTA_S5_R2_001.fastq.gz	R2	For_SB	SB	mESC	mm10
clone_2-37_34_Fw	7196_3_clone_2-37_34_Fw_AGGCAGAA-GCGATCTA_S4_R1_001.fastq.gz	R1	For_SB	SB	mESC	mm10
clone_2-37_34_Fw	7196_3_clone_2-37_34_Fw_AGGCAGAA-GCGATCTA_S4_R2_001.fastq.gz	R2	For_SB	SB	mESC	mm10
clone_2-40_34_Fw	7196_4_clone_2-40_34_Fw_TCCTGAGC-GCGATCTA_S8_R1_001.fastq.gz	R1	For_SB	SB	mESC	mm10
clone_2-40_34_Fw	7196_4_clone_2-40_34_Fw_TCCTGAGC-GCGATCTA_S8_R2_001.fastq.gz	R2	For_SB	SB	mESC	mm10
clone_2-43_34_Fw	7196_5_clone_2-43_34_Fw_GGACTCCT-GCGATCTA_S9_R1_001.fastq.gz	R1	For_SB	SB	mESC	mm10
clone_2-43_34_Fw	7196_5_clone_2-43_34_Fw_GGACTCCT-GCGATCTA_S9_R2_001.fastq.gz	R2	For_SB	SB	mESC	mm10
clone_2-44_34_Fw	7196_6_clone_2-44_34_Fw_TAGGCATG-GCGATCTA_S7_R1_001.fastq.gz	R1	For_SB	SB	mESC	mm10
clone_2-44_34_Fw	7196_6_clone_2-44_34_Fw_TAGGCATG-GCGATCTA_S7_R2_001.fastq.gz	R2	For_SB	SB	mESC	mm10
clone_2-45_34_Fw	7196_7_clone_2-45_34_Fw_CTCTCTAC-GCGATCTA_S12_R1_001.fastq.gz	R1	For_SB	SB	mESC	mm10
clone_2-45_34_Fw	7196_7_clone_2-45_34_Fw_CTCTCTAC-GCGATCTA_S12_R2_001.fastq.gz	R2	For_SB	SB	mESC	mm10
clone_2-46_34_Fw	7196_8_clone_2-46_34_Fw_CAGAGAGG-GCGATCTA_S13_R1_001.fastq.gz	R1	For_SB	SB	mESC	mm10
clone_2-46_34_Fw	7196_8_clone_2-46_34_Fw_CAGAGAGG-GCGATCTA_S13_R2_001.fastq.gz	R2	For_SB	SB	mESC	mm10
clone_2-52_34_Fw	7196_9_clone_2-52_34_Fw_GCTACGCT-GCGATCTA_S14_R1_001.fastq.gz	R1	For_SB	SB	mESC	mm10
clone_2-52_34_Fw	7196_9_clone_2-52_34_Fw_GCTACGCT-GCGATCTA_S14_R2_001.fastq.gz	R2	For_SB	SB	mESC	mm10
clone_2-55_34_Fw	7196_10_clone_2-55_34_Fw_CGAGGCTG-GCGATCTA_S11_R1_001.fastq.gz	R1	For_SB	SB	mESC	mm10
clone_2-55_34_Fw	7196_10_clone_2-55_34_Fw_CGAGGCTG-GCGATCTA_S11_R2_001.fastq.gz	R2	For_SB	SB	mESC	mm10
clone_2-58_34_Fw	7196_11_clone_2-58_34_Fw_AAGAGGCA-GCGATCTA_S17_R1_001.fastq.gz	R1	For_SB	SB	mESC	mm10
clone_2-58_34_Fw	7196_11_clone_2-58_34_Fw_AAGAGGCA-GCGATCTA_S17_R2_001.fastq.gz	R2	For_SB	SB	mESC	mm10
clone_2-59_34_Fw	7196_12_clone_2-59_34_Fw_GTAGAGGA-GCGATCTA_S18_R1_001.fastq.gz	R1	For_SB	SB	mESC	mm10
clone_2-59_34_Fw	7196_12_clone_2-59_34_Fw_GTAGAGGA-GCGATCTA_S18_R2_001.fastq.gz	R2	For_SB	SB	mESC	mm10
clone_2-61_34_Fw	7196_13_clone_2-61_34_Fw_TAAGGCGA-ATAGAGAG_S19_R1_001.fastq.gz	R1	For_SB	SB	mESC	mm10
clone_2-61_34_Fw	7196_13_clone_2-61_34_Fw_TAAGGCGA-ATAGAGAG_S19_R2_001.fastq.gz	R2	For_SB	SB	mESC	mm10
clone_2-68_34_Fw	7196_14_clone_2-68_34_Fw_CGTACTAG-ATAGAGAG_S20_R1_001.fastq.gz	R1	For_SB	SB	mESC	mm10
clone_2-68_34_Fw	7196_14_clone_2-68_34_Fw_CGTACTAG-ATAGAGAG_S20_R2_001.fastq.gz	R2	For_SB	SB	mESC	mm10
clone_2-69_34_Fw	7196_15_clone_2-69_34_Fw_AGGCAGAA-ATAGAGAG_S16_R1_001.fastq.gz	R1	For_SB	SB	mESC	mm10
clone_2-69_34_Fw	7196_15_clone_2-69_34_Fw_AGGCAGAA-ATAGAGAG_S16_R2_001.fastq.gz	R2	For_SB	SB	mESC	mm10
clone_2-73_34_Fw	7196_16_clone_2-73_34_Fw_TCCTGAGC-ATAGAGAG_S23_R1_001.fastq.gz	R1	For_SB	SB	mESC	mm10
clone_2-73_34_Fw	7196_16_clone_2-73_34_Fw_TCCTGAGC-ATAGAGAG_S23_R2_001.fastq.gz	R2	For_SB	SB	mESC	mm10
clone_2-76_34_Fw	7196_17_clone_2-76_34_Fw_GGACTCCT-ATAGAGAG_S24_R1_001.fastq.gz	R1	For_SB	SB	mESC	mm10
clone_2-76_34_Fw	7196_17_clone_2-76_34_Fw_GGACTCCT-ATAGAGAG_S24_R2_001.fastq.gz	R2	For_SB	SB	mESC	mm10
clone_2-77_34_Fw	7196_18_clone_2-77_34_Fw_TAGGCATG-ATAGAGAG_S25_R1_001.fastq.gz	R1	For_SB	SB	mESC	mm10
clone_2-77_34_Fw	7196_18_clone_2-77_34_Fw_TAGGCATG-ATAGAGAG_S25_R2_001.fastq.gz	R2	For_SB	SB	mESC	mm10
clone_2-79_34_Fw	7196_19_clone_2-79_34_Fw_CTCTCTAC-ATAGAGAG_S26_R1_001.fastq.gz	R1	For_SB	SB	mESC	mm10
clone_2-79_34_Fw	7196_19_clone_2-79_34_Fw_CTCTCTAC-ATAGAGAG_S26_R2_001.fastq.gz	R2	For_SB	SB	mESC	mm10
clone_2-85_34_Fw	7196_20_clone_2-85_34_Fw_CAGAGAGG-ATAGAGAG_S27_R1_001.fastq.gz	R1	For_SB	SB	mESC	mm10
clone_2-85_34_Fw	7196_20_clone_2-85_34_Fw_CAGAGAGG-ATAGAGAG_S27_R2_001.fastq.gz	R2	For_SB	SB	mESC	mm10
clone_2-86_34_Fw	7196_21_clone_2-86_34_Fw_GCTACGCT-ATAGAGAG_S22_R1_001.fastq.gz	R1	For_SB	SB	mESC	mm10
clone_2-86_34_Fw	7196_21_clone_2-86_34_Fw_GCTACGCT-ATAGAGAG_S22_R2_001.fastq.gz	R2	For_SB	SB	mESC	mm10
clone_2-89_34_Fw	7196_22_clone_2-89_34_Fw_CGAGGCTG-ATAGAGAG_S30_R1_001.fastq.gz	R1	For_SB	SB	mESC	mm10
clone_2-89_34_Fw	7196_22_clone_2-89_34_Fw_CGAGGCTG-ATAGAGAG_S30_R2_001.fastq.gz	R2	For_SB	SB	mESC	mm10
clone_2-90_34_Fw	7196_23_clone_2-90_34_Fw_AAGAGGCA-ATAGAGAG_S31_R1_001.fastq.gz	R1	For_SB	SB	mESC	mm10
clone_2-90_34_Fw	7196_23_clone_2-90_34_Fw_AAGAGGCA-ATAGAGAG_S31_R2_001.fastq.gz	R2	For_SB	SB	mESC	mm10
clone_2-91_34_Fw	7196_24_clone_2-91_34_Fw_GTAGAGGA-ATAGAGAG_S32_R1_001.fastq.gz	R1	For_SB	SB	mESC	mm10
clone_2-91_34_Fw	7196_24_clone_2-91_34_Fw_GTAGAGGA-ATAGAGAG_S32_R2_001.fastq.gz	R2	For_SB	SB	mESC	mm10
clone_2-95_34_Fw	7196_25_clone_2-95_34_Fw_TAAGGCGA-AGAGGATA_S33_R1_001.fastq.gz	R1	For_SB	SB	mESC	mm10
clone_2-95_34_Fw	7196_25_clone_2-95_34_Fw_TAAGGCGA-AGAGGATA_S33_R2_001.fastq.gz	R2	For_SB	SB	mESC	mm10
clone_5-95_34_Fw	7196_26_clone_5-95_34_Fw_CGTACTAG-AGAGGATA_S34_R1_001.fastq.gz	R1	For_SB	SB	mESC	mm10
clone_5-95_34_Fw	7196_26_clone_5-95_34_Fw_CGTACTAG-AGAGGATA_S34_R2_001.fastq.gz	R2	For_SB	SB	mESC	mm10
clone_5-96_34_Fw	7196_27_clone_5-96_34_Fw_AGGCAGAA-AGAGGATA_S35_R1_001.fastq.gz	R1	For_SB	SB	mESC	mm10
clone_5-96_34_Fw	7196_27_clone_5-96_34_Fw_AGGCAGAA-AGAGGATA_S35_R2_001.fastq.gz	R2	For_SB	SB	mESC	mm10
clone_1-3_34_Fw	7196_28_clone_1-3_34_Fw_TCCTGAGC-AGAGGATA_S29_R1_001.fastq.gz	R1	For_SB	SB	mESC	mm10
clone_1-3_34_Fw	7196_28_clone_1-3_34_Fw_TCCTGAGC-AGAGGATA_S29_R2_001.fastq.gz	R2	For_SB	SB	mESC	mm10
clone_1-5_34_Fw	7196_29_clone_1-5_34_Fw_GGACTCCT-AGAGGATA_S38_R1_001.fastq.gz	R1	For_SB	SB	mESC	mm10
clone_1-5_34_Fw	7196_29_clone_1-5_34_Fw_GGACTCCT-AGAGGATA_S38_R2_001.fastq.gz	R2	For_SB	SB	mESC	mm10
clone_1-6_34_Fw	7196_30_clone_1-6_34_Fw_TAGGCATG-AGAGGATA_S39_R1_001.fastq.gz	R1	For_SB	SB	mESC	mm10
clone_1-6_34_Fw	7196_30_clone_1-6_34_Fw_TAGGCATG-AGAGGATA_S39_R2_001.fastq.gz	R2	For_SB	SB	mESC	mm10
clone_1-7_34_Fw	7196_31_clone_1-7_34_Fw_CTCTCTAC-AGAGGATA_S40_R1_001.fastq.gz	R1	For_SB	SB	mESC	mm10
clone_1-7_34_Fw	7196_31_clone_1-7_34_Fw_CTCTCTAC-AGAGGATA_S40_R2_001.fastq.gz	R2	For_SB	SB	mESC	mm10
clone_1-8_34_Fw	7196_32_clone_1-8_34_Fw_CAGAGAGG-AGAGGATA_S41_R1_001.fastq.gz	R1	For_SB	SB	mESC	mm10
clone_1-8_34_Fw	7196_32_clone_1-8_34_Fw_CAGAGAGG-AGAGGATA_S41_R2_001.fastq.gz	R2	For_SB	SB	mESC	mm10
clone_1-9_34_Fw	7196_33_clone_1-9_34_Fw_GCTACGCT-AGAGGATA_S42_R1_001.fastq.gz	R1	For_SB	SB	mESC	mm10
clone_1-9_34_Fw	7196_33_clone_1-9_34_Fw_GCTACGCT-AGAGGATA_S42_R2_001.fastq.gz	R2	For_SB	SB	mESC	mm10
clone_1-12_34_Fw	7196_34_clone_1-12_34_Fw_CGAGGCTG-AGAGGATA_S43_R1_001.fastq.gz	R1	For_SB	SB	mESC	mm10
clone_1-12_34_Fw	7196_34_clone_1-12_34_Fw_CGAGGCTG-AGAGGATA_S43_R2_001.fastq.gz	R2	For_SB	SB	mESC	mm10
clone_1-15_34_Fw	7196_35_clone_1-15_34_Fw_AAGAGGCA-AGAGGATA_S44_R1_001.fastq.gz	R1	For_SB	SB	mESC	mm10
clone_1-15_34_Fw	7196_35_clone_1-15_34_Fw_AAGAGGCA-AGAGGATA_S44_R2_001.fastq.gz	R2	For_SB	SB	mESC	mm10
clone_1-17_34_Fw	7196_36_clone_1-17_34_Fw_GTAGAGGA-AGAGGATA_S37_R1_001.fastq.gz	R1	For_SB	SB	mESC	mm10
clone_1-17_34_Fw	7196_36_clone_1-17_34_Fw_GTAGAGGA-AGAGGATA_S37_R2_001.fastq.gz	R2	For_SB	SB	mESC	mm10
clone_1-19_34_Fw	7196_37_clone_1-19_34_Fw_TAAGGCGA-TCTACTCT_S47_R1_001.fastq.gz	R1	For_SB	SB	mESC	mm10
clone_1-19_34_Fw	7196_37_clone_1-19_34_Fw_TAAGGCGA-TCTACTCT_S47_R2_001.fastq.gz	R2	For_SB	SB	mESC	mm10
clone_1-20_34_Fw	7196_38_clone_1-20_34_Fw_CGTACTAG-TCTACTCT_S48_R1_001.fastq.gz	R1	For_SB	SB	mESC	mm10
clone_1-20_34_Fw	7196_38_clone_1-20_34_Fw_CGTACTAG-TCTACTCT_S48_R2_001.fastq.gz	R2	For_SB	SB	mESC	mm10
clone_1-21_34_Fw	7196_39_clone_1-21_34_Fw_AGGCAGAA-TCTACTCT_S49_R1_001.fastq.gz	R1	For_SB	SB	mESC	mm10
clone_1-21_34_Fw	7196_39_clone_1-21_34_Fw_AGGCAGAA-TCTACTCT_S49_R2_001.fastq.gz	R2	For_SB	SB	mESC	mm10
clone_1-22_34_Fw	7196_40_clone_1-22_34_Fw_TCCTGAGC-TCTACTCT_S50_R1_001.fastq.gz	R1	For_SB	SB	mESC	mm10
clone_1-22_34_Fw	7196_40_clone_1-22_34_Fw_TCCTGAGC-TCTACTCT_S50_R2_001.fastq.gz	R2	For_SB	SB	mESC	mm10
clone_1-23_34_Fw	7196_41_clone_1-23_34_Fw_GGACTCCT-TCTACTCT_S51_R1_001.fastq.gz	R1	For_SB	SB	mESC	mm10
clone_1-23_34_Fw	7196_41_clone_1-23_34_Fw_GGACTCCT-TCTACTCT_S51_R2_001.fastq.gz	R2	For_SB	SB	mESC	mm10
clone_1-26_34_Fw	7196_42_clone_1-26_34_Fw_TAGGCATG-TCTACTCT_S52_R1_001.fastq.gz	R1	For_SB	SB	mESC	mm10
clone_1-26_34_Fw	7196_42_clone_1-26_34_Fw_TAGGCATG-TCTACTCT_S52_R2_001.fastq.gz	R2	For_SB	SB	mESC	mm10
clone_1-29_34_Fw	7196_43_clone_1-29_34_Fw_CTCTCTAC-TCTACTCT_S53_R1_001.fastq.gz	R1	For_SB	SB	mESC	mm10
clone_1-29_34_Fw	7196_43_clone_1-29_34_Fw_CTCTCTAC-TCTACTCT_S53_R2_001.fastq.gz	R2	For_SB	SB	mESC	mm10
clone_1-30_34_Fw	7196_44_clone_1-30_34_Fw_CAGAGAGG-TCTACTCT_S54_R1_001.fastq.gz	R1	For_SB	SB	mESC	mm10
clone_1-30_34_Fw	7196_44_clone_1-30_34_Fw_CAGAGAGG-TCTACTCT_S54_R2_001.fastq.gz	R2	For_SB	SB	mESC	mm10
clone_1-32_34_Fw	7196_45_clone_1-32_34_Fw_GCTACGCT-TCTACTCT_S46_R1_001.fastq.gz	R1	For_SB	SB	mESC	mm10
clone_1-32_34_Fw	7196_45_clone_1-32_34_Fw_GCTACGCT-TCTACTCT_S46_R2_001.fastq.gz	R2	For_SB	SB	mESC	mm10
clone_1-33_34_Fw	7196_46_clone_1-33_34_Fw_CGAGGCTG-TCTACTCT_S57_R1_001.fastq.gz	R1	For_SB	SB	mESC	mm10
clone_1-33_34_Fw	7196_46_clone_1-33_34_Fw_CGAGGCTG-TCTACTCT_S57_R2_001.fastq.gz	R2	For_SB	SB	mESC	mm10
clone_1-34_34_Fw	7196_47_clone_1-34_34_Fw_AAGAGGCA-TCTACTCT_S58_R1_001.fastq.gz	R1	For_SB	SB	mESC	mm10
clone_1-34_34_Fw	7196_47_clone_1-34_34_Fw_AAGAGGCA-TCTACTCT_S58_R2_001.fastq.gz	R2	For_SB	SB	mESC	mm10
clone_1-36_34_Fw	7196_48_clone_1-36_34_Fw_GTAGAGGA-TCTACTCT_S59_R1_001.fastq.gz	R1	For_SB	SB	mESC	mm10
clone_1-36_34_Fw	7196_48_clone_1-36_34_Fw_GTAGAGGA-TCTACTCT_S59_R2_001.fastq.gz	R2	For_SB	SB	mESC	mm10
clone_1-38_34_Fw	7196_49_clone_1-38_34_Fw_TAAGGCGA-CTCCTTAC_S60_R1_001.fastq.gz	R1	For_SB	SB	mESC	mm10
clone_1-38_34_Fw	7196_49_clone_1-38_34_Fw_TAAGGCGA-CTCCTTAC_S60_R2_001.fastq.gz	R2	For_SB	SB	mESC	mm10
clone_1-39_34_Fw	7196_50_clone_1-39_34_Fw_CGTACTAG-CTCCTTAC_S61_R1_001.fastq.gz	R1	For_SB	SB	mESC	mm10
clone_1-39_34_Fw	7196_50_clone_1-39_34_Fw_CGTACTAG-CTCCTTAC_S61_R2_001.fastq.gz	R2	For_SB	SB	mESC	mm10
clone_1-40_34_Fw	7196_51_clone_1-40_34_Fw_AGGCAGAA-CTCCTTAC_S62_R1_001.fastq.gz	R1	For_SB	SB	mESC	mm10
clone_1-40_34_Fw	7196_51_clone_1-40_34_Fw_AGGCAGAA-CTCCTTAC_S62_R2_001.fastq.gz	R2	For_SB	SB	mESC	mm10
clone_1-41_34_Fw	7196_52_clone_1-41_34_Fw_TCCTGAGC-CTCCTTAC_S63_R1_001.fastq.gz	R1	For_SB	SB	mESC	mm10
clone_1-41_34_Fw	7196_52_clone_1-41_34_Fw_TCCTGAGC-CTCCTTAC_S63_R2_001.fastq.gz	R2	For_SB	SB	mESC	mm10
clone_1-42_34_Fw	7196_53_clone_1-42_34_Fw_GGACTCCT-CTCCTTAC_S64_R1_001.fastq.gz	R1	For_SB	SB	mESC	mm10
clone_1-42_34_Fw	7196_53_clone_1-42_34_Fw_GGACTCCT-CTCCTTAC_S64_R2_001.fastq.gz	R2	For_SB	SB	mESC	mm10
clone_1-43_34_Fw	7196_54_clone_1-43_34_Fw_TAGGCATG-CTCCTTAC_S65_R1_001.fastq.gz	R1	For_SB	SB	mESC	mm10
clone_1-43_34_Fw	7196_54_clone_1-43_34_Fw_TAGGCATG-CTCCTTAC_S65_R2_001.fastq.gz	R2	For_SB	SB	mESC	mm10
clone_1-44_34_Fw	7196_55_clone_1-44_34_Fw_CTCTCTAC-CTCCTTAC_S56_R1_001.fastq.gz	R1	For_SB	SB	mESC	mm10
clone_1-44_34_Fw	7196_55_clone_1-44_34_Fw_CTCTCTAC-CTCCTTAC_S56_R2_001.fastq.gz	R2	For_SB	SB	mESC	mm10
clone_1-45_34_Fw	7196_56_clone_1-45_34_Fw_CAGAGAGG-CTCCTTAC_S68_R1_001.fastq.gz	R1	For_SB	SB	mESC	mm10
clone_1-45_34_Fw	7196_56_clone_1-45_34_Fw_CAGAGAGG-CTCCTTAC_S68_R2_001.fastq.gz	R2	For_SB	SB	mESC	mm10
clone_1-47_34_Fw	7196_57_clone_1-47_34_Fw_GCTACGCT-CTCCTTAC_S69_R1_001.fastq.gz	R1	For_SB	SB	mESC	mm10
clone_1-47_34_Fw	7196_57_clone_1-47_34_Fw_GCTACGCT-CTCCTTAC_S69_R2_001.fastq.gz	R2	For_SB	SB	mESC	mm10
clone_1-48_34_Fw	7196_58_clone_1-48_34_Fw_CGAGGCTG-CTCCTTAC_S70_R1_001.fastq.gz	R1	For_SB	SB	mESC	mm10
clone_1-48_34_Fw	7196_58_clone_1-48_34_Fw_CGAGGCTG-CTCCTTAC_S70_R2_001.fastq.gz	R2	For_SB	SB	mESC	mm10
clone_1-49_34_Fw	7196_59_clone_1-49_34_Fw_AAGAGGCA-CTCCTTAC_S71_R1_001.fastq.gz	R1	For_SB	SB	mESC	mm10
clone_1-49_34_Fw	7196_59_clone_1-49_34_Fw_AAGAGGCA-CTCCTTAC_S71_R2_001.fastq.gz	R2	For_SB	SB	mESC	mm10
clone_1-50_34_Fw	7196_60_clone_1-50_34_Fw_GTAGAGGA-CTCCTTAC_S72_R1_001.fastq.gz	R1	For_SB	SB	mESC	mm10
clone_1-50_34_Fw	7196_60_clone_1-50_34_Fw_GTAGAGGA-CTCCTTAC_S72_R2_001.fastq.gz	R2	For_SB	SB	mESC	mm10
clone_1-52_34_Fw	7196_61_clone_1-52_34_Fw_TAAGGCGA-TATGCAGT_S73_R1_001.fastq.gz	R1	For_SB	SB	mESC	mm10
clone_1-52_34_Fw	7196_61_clone_1-52_34_Fw_TAAGGCGA-TATGCAGT_S73_R2_001.fastq.gz	R2	For_SB	SB	mESC	mm10
clone_1-53_34_Fw	7196_62_clone_1-53_34_Fw_CGTACTAG-TATGCAGT_S74_R1_001.fastq.gz	R1	For_SB	SB	mESC	mm10
clone_1-53_34_Fw	7196_62_clone_1-53_34_Fw_CGTACTAG-TATGCAGT_S74_R2_001.fastq.gz	R2	For_SB	SB	mESC	mm10
clone_1-54_34_Fw	7196_63_clone_1-54_34_Fw_AGGCAGAA-TATGCAGT_S75_R1_001.fastq.gz	R1	For_SB	SB	mESC	mm10
clone_1-54_34_Fw	7196_63_clone_1-54_34_Fw_AGGCAGAA-TATGCAGT_S75_R2_001.fastq.gz	R2	For_SB	SB	mESC	mm10
clone_1-55_34_Fw	7196_64_clone_1-55_34_Fw_TCCTGAGC-TATGCAGT_S76_R1_001.fastq.gz	R1	For_SB	SB	mESC	mm10
clone_1-55_34_Fw	7196_64_clone_1-55_34_Fw_TCCTGAGC-TATGCAGT_S76_R2_001.fastq.gz	R2	For_SB	SB	mESC	mm10
clone_1-56_34_Fw	7196_65_clone_1-56_34_Fw_GGACTCCT-TATGCAGT_S77_R1_001.fastq.gz	R1	For_SB	SB	mESC	mm10
clone_1-56_34_Fw	7196_65_clone_1-56_34_Fw_GGACTCCT-TATGCAGT_S77_R2_001.fastq.gz	R2	For_SB	SB	mESC	mm10
clone_1-60_34_Fw	7196_66_clone_1-60_34_Fw_TAGGCATG-TATGCAGT_S67_R1_001.fastq.gz	R1	For_SB	SB	mESC	mm10
clone_1-60_34_Fw	7196_66_clone_1-60_34_Fw_TAGGCATG-TATGCAGT_S67_R2_001.fastq.gz	R2	For_SB	SB	mESC	mm10
clone_1-62_34_Fw	7196_67_clone_1-62_34_Fw_CTCTCTAC-TATGCAGT_S80_R1_001.fastq.gz	R1	For_SB	SB	mESC	mm10
clone_1-62_34_Fw	7196_67_clone_1-62_34_Fw_CTCTCTAC-TATGCAGT_S80_R2_001.fastq.gz	R2	For_SB	SB	mESC	mm10
clone_1-63_34_Fw	7196_68_clone_1-63_34_Fw_CAGAGAGG-TATGCAGT_S81_R1_001.fastq.gz	R1	For_SB	SB	mESC	mm10
clone_1-63_34_Fw	7196_68_clone_1-63_34_Fw_CAGAGAGG-TATGCAGT_S81_R2_001.fastq.gz	R2	For_SB	SB	mESC	mm10
clone_1-64_34_Fw	7196_69_clone_1-64_34_Fw_GCTACGCT-TATGCAGT_S82_R1_001.fastq.gz	R1	For_SB	SB	mESC	mm10
clone_1-64_34_Fw	7196_69_clone_1-64_34_Fw_GCTACGCT-TATGCAGT_S82_R2_001.fastq.gz	R2	For_SB	SB	mESC	mm10
clone_1-66_34_Fw	7196_70_clone_1-66_34_Fw_CGAGGCTG-TATGCAGT_S83_R1_001.fastq.gz	R1	For_SB	SB	mESC	mm10
clone_1-66_34_Fw	7196_70_clone_1-66_34_Fw_CGAGGCTG-TATGCAGT_S83_R2_001.fastq.gz	R2	For_SB	SB	mESC	mm10
clone_1-68_34_Fw	7196_71_clone_1-68_34_Fw_AAGAGGCA-TATGCAGT_S84_R1_001.fastq.gz	R1	For_SB	SB	mESC	mm10
clone_1-68_34_Fw	7196_71_clone_1-68_34_Fw_AAGAGGCA-TATGCAGT_S84_R2_001.fastq.gz	R2	For_SB	SB	mESC	mm10
clone_1-69_34_Fw	7196_72_clone_1-69_34_Fw_GTAGAGGA-TATGCAGT_S85_R1_001.fastq.gz	R1	For_SB	SB	mESC	mm10
clone_1-69_34_Fw	7196_72_clone_1-69_34_Fw_GTAGAGGA-TATGCAGT_S85_R2_001.fastq.gz	R2	For_SB	SB	mESC	mm10
clone_1-70_34_Fw	7196_73_clone_1-70_34_Fw_TAAGGCGA-TACTCCTT_S86_R1_001.fastq.gz	R1	For_SB	SB	mESC	mm10
clone_1-70_34_Fw	7196_73_clone_1-70_34_Fw_TAAGGCGA-TACTCCTT_S86_R2_001.fastq.gz	R2	For_SB	SB	mESC	mm10
clone_1-71_34_Fw	7196_74_clone_1-71_34_Fw_CGTACTAG-TACTCCTT_S87_R1_001.fastq.gz	R1	For_SB	SB	mESC	mm10
clone_1-71_34_Fw	7196_74_clone_1-71_34_Fw_CGTACTAG-TACTCCTT_S87_R2_001.fastq.gz	R2	For_SB	SB	mESC	mm10
clone_1-72_34_Fw	7196_75_clone_1-72_34_Fw_AGGCAGAA-TACTCCTT_S88_R1_001.fastq.gz	R1	For_SB	SB	mESC	mm10
clone_1-72_34_Fw	7196_75_clone_1-72_34_Fw_AGGCAGAA-TACTCCTT_S88_R2_001.fastq.gz	R2	For_SB	SB	mESC	mm10
clone_1-73_34_Fw	7196_76_clone_1-73_34_Fw_TCCTGAGC-TACTCCTT_S89_R1_001.fastq.gz	R1	For_SB	SB	mESC	mm10
clone_1-73_34_Fw	7196_76_clone_1-73_34_Fw_TCCTGAGC-TACTCCTT_S89_R2_001.fastq.gz	R2	For_SB	SB	mESC	mm10
clone_1-77_34_Fw	7196_77_clone_1-77_34_Fw_GGACTCCT-TACTCCTT_S90_R1_001.fastq.gz	R1	For_SB	SB	mESC	mm10
clone_1-77_34_Fw	7196_77_clone_1-77_34_Fw_GGACTCCT-TACTCCTT_S90_R2_001.fastq.gz	R2	For_SB	SB	mESC	mm10
clone_1-79_34_Fw	7196_78_clone_1-79_34_Fw_TAGGCATG-TACTCCTT_S79_R1_001.fastq.gz	R1	For_SB	SB	mESC	mm10
clone_1-79_34_Fw	7196_78_clone_1-79_34_Fw_TAGGCATG-TACTCCTT_S79_R2_001.fastq.gz	R2	For_SB	SB	mESC	mm10
clone_1-80_34_Fw	7196_79_clone_1-80_34_Fw_CTCTCTAC-TACTCCTT_S93_R1_001.fastq.gz	R1	For_SB	SB	mESC	mm10
clone_1-80_34_Fw	7196_79_clone_1-80_34_Fw_CTCTCTAC-TACTCCTT_S93_R2_001.fastq.gz	R2	For_SB	SB	mESC	mm10
clone_1-81_34_Fw	7196_80_clone_1-81_34_Fw_CAGAGAGG-TACTCCTT_S94_R1_001.fastq.gz	R1	For_SB	SB	mESC	mm10
clone_1-81_34_Fw	7196_80_clone_1-81_34_Fw_CAGAGAGG-TACTCCTT_S94_R2_001.fastq.gz	R2	For_SB	SB	mESC	mm10
clone_1-83_34_Fw	7196_81_clone_1-83_34_Fw_GCTACGCT-TACTCCTT_S95_R1_001.fastq.gz	R1	For_SB	SB	mESC	mm10
clone_1-83_34_Fw	7196_81_clone_1-83_34_Fw_GCTACGCT-TACTCCTT_S95_R2_001.fastq.gz	R2	For_SB	SB	mESC	mm10
clone_1-84_34_Fw	7196_82_clone_1-84_34_Fw_CGAGGCTG-TACTCCTT_S96_R1_001.fastq.gz	R1	For_SB	SB	mESC	mm10
clone_1-84_34_Fw	7196_82_clone_1-84_34_Fw_CGAGGCTG-TACTCCTT_S96_R2_001.fastq.gz	R2	For_SB	SB	mESC	mm10
clone_1-85_34_Fw	7196_83_clone_1-85_34_Fw_AAGAGGCA-TACTCCTT_S97_R1_001.fastq.gz	R1	For_SB	SB	mESC	mm10
clone_1-85_34_Fw	7196_83_clone_1-85_34_Fw_AAGAGGCA-TACTCCTT_S97_R2_001.fastq.gz	R2	For_SB	SB	mESC	mm10
clone_1-87_34_Fw	7196_84_clone_1-87_34_Fw_GTAGAGGA-TACTCCTT_S98_R1_001.fastq.gz	R1	For_SB	SB	mESC	mm10
clone_1-87_34_Fw	7196_84_clone_1-87_34_Fw_GTAGAGGA-TACTCCTT_S98_R2_001.fastq.gz	R2	For_SB	SB	mESC	mm10
clone_1-90_34_Fw	7196_85_clone_1-90_34_Fw_TAAGGCGA-AGGCTTAG_S99_R1_001.fastq.gz	R1	For_SB	SB	mESC	mm10
clone_1-90_34_Fw	7196_85_clone_1-90_34_Fw_TAAGGCGA-AGGCTTAG_S99_R2_001.fastq.gz	R2	For_SB	SB	mESC	mm10
clone_1-91_34_Fw	7196_86_clone_1-91_34_Fw_CGTACTAG-AGGCTTAG_S100_R1_001.fastq.gz	R1	For_SB	SB	mESC	mm10
clone_1-91_34_Fw	7196_86_clone_1-91_34_Fw_CGTACTAG-AGGCTTAG_S100_R2_001.fastq.gz	R2	For_SB	SB	mESC	mm10
clone_1-92_34_Fw	7196_87_clone_1-92_34_Fw_AGGCAGAA-AGGCTTAG_S101_R1_001.fastq.gz	R1	For_SB	SB	mESC	mm10
clone_1-92_34_Fw	7196_87_clone_1-92_34_Fw_AGGCAGAA-AGGCTTAG_S101_R2_001.fastq.gz	R2	For_SB	SB	mESC	mm10
clone_1-94_34_Fw	7196_88_clone_1-94_34_Fw_TCCTGAGC-AGGCTTAG_S102_R1_001.fastq.gz	R1	For_SB	SB	mESC	mm10
clone_1-94_34_Fw	7196_88_clone_1-94_34_Fw_TCCTGAGC-AGGCTTAG_S102_R2_001.fastq.gz	R2	For_SB	SB	mESC	mm10
clone_1-96_34_Fw	7196_89_clone_1-96_34_Fw_GGACTCCT-AGGCTTAG_S103_R1_001.fastq.gz	R1	For_SB	SB	mESC	mm10
clone_1-96_34_Fw	7196_89_clone_1-96_34_Fw_GGACTCCT-AGGCTTAG_S103_R2_001.fastq.gz	R2	For_SB	SB	mESC	mm10
clone_2-13_34_Rv	7196_90_clone_2-13_34_Rv_TAAGGCGA-ATTAGACG_S104_R1_001.fastq.gz	R1	Rev_SB	SB	mESC	mm10
clone_2-13_34_Rv	7196_90_clone_2-13_34_Rv_TAAGGCGA-ATTAGACG_S104_R2_001.fastq.gz	R2	Rev_SB	SB	mESC	mm10
clone_2-25_34_Rv	7196_91_clone_2-25_34_Rv_CGTACTAG-ATTAGACG_S92_R1_001.fastq.gz	R1	Rev_SB	SB	mESC	mm10
clone_2-25_34_Rv	7196_91_clone_2-25_34_Rv_CGTACTAG-ATTAGACG_S92_R2_001.fastq.gz	R2	Rev_SB	SB	mESC	mm10
clone_2-37_34_Rv	7196_92_clone_2-37_34_Rv_AGGCAGAA-ATTAGACG_S107_R1_001.fastq.gz	R1	Rev_SB	SB	mESC	mm10
clone_2-37_34_Rv	7196_92_clone_2-37_34_Rv_AGGCAGAA-ATTAGACG_S107_R2_001.fastq.gz	R2	Rev_SB	SB	mESC	mm10
clone_2-40_34_Rv	7196_93_clone_2-40_34_Rv_TCCTGAGC-ATTAGACG_S108_R1_001.fastq.gz	R1	Rev_SB	SB	mESC	mm10
clone_2-40_34_Rv	7196_93_clone_2-40_34_Rv_TCCTGAGC-ATTAGACG_S108_R2_001.fastq.gz	R2	Rev_SB	SB	mESC	mm10
clone_2-43_34_Rv	7196_94_clone_2-43_34_Rv_GGACTCCT-ATTAGACG_S109_R1_001.fastq.gz	R1	Rev_SB	SB	mESC	mm10
clone_2-43_34_Rv	7196_94_clone_2-43_34_Rv_GGACTCCT-ATTAGACG_S109_R2_001.fastq.gz	R2	Rev_SB	SB	mESC	mm10
clone_2-44_34_Rv	7196_95_clone_2-44_34_Rv_TAGGCATG-ATTAGACG_S110_R1_001.fastq.gz	R1	Rev_SB	SB	mESC	mm10
clone_2-44_34_Rv	7196_95_clone_2-44_34_Rv_TAGGCATG-ATTAGACG_S110_R2_001.fastq.gz	R2	Rev_SB	SB	mESC	mm10
clone_2-45_34_Rv	7196_96_clone_2-45_34_Rv_CTCTCTAC-ATTAGACG_S111_R1_001.fastq.gz	R1	Rev_SB	SB	mESC	mm10
clone_2-45_34_Rv	7196_96_clone_2-45_34_Rv_CTCTCTAC-ATTAGACG_S111_R2_001.fastq.gz	R2	Rev_SB	SB	mESC	mm10
clone_2-46_34_Rv	7196_97_clone_2-46_34_Rv_CAGAGAGG-ATTAGACG_S112_R1_001.fastq.gz	R1	Rev_SB	SB	mESC	mm10
clone_2-46_34_Rv	7196_97_clone_2-46_34_Rv_CAGAGAGG-ATTAGACG_S112_R2_001.fastq.gz	R2	Rev_SB	SB	mESC	mm10
clone_2-52_34_Rv	7196_98_clone_2-52_34_Rv_GCTACGCT-ATTAGACG_S113_R1_001.fastq.gz	R1	Rev_SB	SB	mESC	mm10
clone_2-52_34_Rv	7196_98_clone_2-52_34_Rv_GCTACGCT-ATTAGACG_S113_R2_001.fastq.gz	R2	Rev_SB	SB	mESC	mm10
clone_2-55_34_Rv	7196_99_clone_2-55_34_Rv_CGAGGCTG-ATTAGACG_S114_R1_001.fastq.gz	R1	Rev_SB	SB	mESC	mm10
clone_2-55_34_Rv	7196_99_clone_2-55_34_Rv_CGAGGCTG-ATTAGACG_S114_R2_001.fastq.gz	R2	Rev_SB	SB	mESC	mm10
clone_2-58_34_Rv	7196_100_clone_2-58_34_Rv_AAGAGGCA-ATTAGACG_S115_R1_001.fastq.gz	R1	Rev_SB	SB	mESC	mm10
clone_2-58_34_Rv	7196_100_clone_2-58_34_Rv_AAGAGGCA-ATTAGACG_S115_R2_001.fastq.gz	R2	Rev_SB	SB	mESC	mm10
clone_2-59_34_Rv	7196_101_clone_2-59_34_Rv_GTAGAGGA-ATTAGACG_S116_R1_001.fastq.gz	R1	Rev_SB	SB	mESC	mm10
clone_2-59_34_Rv	7196_101_clone_2-59_34_Rv_GTAGAGGA-ATTAGACG_S116_R2_001.fastq.gz	R2	Rev_SB	SB	mESC	mm10
clone_2-61_34_Rv	7196_102_clone_2-61_34_Rv_TAAGGCGA-CGGAGAGA_S117_R1_001.fastq.gz	R1	Rev_SB	SB	mESC	mm10
clone_2-61_34_Rv	7196_102_clone_2-61_34_Rv_TAAGGCGA-CGGAGAGA_S117_R2_001.fastq.gz	R2	Rev_SB	SB	mESC	mm10
clone_2-68_34_Rv	7196_103_clone_2-68_34_Rv_CGTACTAG-CGGAGAGA_S118_R1_001.fastq.gz	R1	Rev_SB	SB	mESC	mm10
clone_2-68_34_Rv	7196_103_clone_2-68_34_Rv_CGTACTAG-CGGAGAGA_S118_R2_001.fastq.gz	R2	Rev_SB	SB	mESC	mm10
clone_2-69_34_Rv	7196_104_clone_2-69_34_Rv_AGGCAGAA-CGGAGAGA_S119_R1_001.fastq.gz	R1	Rev_SB	SB	mESC	mm10
clone_2-69_34_Rv	7196_104_clone_2-69_34_Rv_AGGCAGAA-CGGAGAGA_S119_R2_001.fastq.gz	R2	Rev_SB	SB	mESC	mm10
clone_2-73_34_Rv	7196_105_clone_2-73_34_Rv_TCCTGAGC-CGGAGAGA_S106_R1_001.fastq.gz	R1	Rev_SB	SB	mESC	mm10
clone_2-73_34_Rv	7196_105_clone_2-73_34_Rv_TCCTGAGC-CGGAGAGA_S106_R2_001.fastq.gz	R2	Rev_SB	SB	mESC	mm10
clone_2-76_34_Rv	7196_106_clone_2-76_34_Rv_GGACTCCT-CGGAGAGA_S122_R1_001.fastq.gz	R1	Rev_SB	SB	mESC	mm10
clone_2-76_34_Rv	7196_106_clone_2-76_34_Rv_GGACTCCT-CGGAGAGA_S122_R2_001.fastq.gz	R2	Rev_SB	SB	mESC	mm10
clone_2-77_34_Rv	7196_107_clone_2-77_34_Rv_TAGGCATG-CGGAGAGA_S123_R1_001.fastq.gz	R1	Rev_SB	SB	mESC	mm10
clone_2-77_34_Rv	7196_107_clone_2-77_34_Rv_TAGGCATG-CGGAGAGA_S123_R2_001.fastq.gz	R2	Rev_SB	SB	mESC	mm10
clone_2-79_34_Rv	7196_108_clone_2-79_34_Rv_CTCTCTAC-CGGAGAGA_S124_R1_001.fastq.gz	R1	Rev_SB	SB	mESC	mm10
clone_2-79_34_Rv	7196_108_clone_2-79_34_Rv_CTCTCTAC-CGGAGAGA_S124_R2_001.fastq.gz	R2	Rev_SB	SB	mESC	mm10
clone_2-85_34_Rv	7196_109_clone_2-85_34_Rv_CAGAGAGG-CGGAGAGA_S125_R1_001.fastq.gz	R1	Rev_SB	SB	mESC	mm10
clone_2-85_34_Rv	7196_109_clone_2-85_34_Rv_CAGAGAGG-CGGAGAGA_S125_R2_001.fastq.gz	R2	Rev_SB	SB	mESC	mm10
clone_2-86_34_Rv	7196_110_clone_2-86_34_Rv_GCTACGCT-CGGAGAGA_S126_R1_001.fastq.gz	R1	Rev_SB	SB	mESC	mm10
clone_2-86_34_Rv	7196_110_clone_2-86_34_Rv_GCTACGCT-CGGAGAGA_S126_R2_001.fastq.gz	R2	Rev_SB	SB	mESC	mm10
clone_2-89_34_Rv	7196_111_clone_2-89_34_Rv_CGAGGCTG-CGGAGAGA_S127_R1_001.fastq.gz	R1	Rev_SB	SB	mESC	mm10
clone_2-89_34_Rv	7196_111_clone_2-89_34_Rv_CGAGGCTG-CGGAGAGA_S127_R2_001.fastq.gz	R2	Rev_SB	SB	mESC	mm10
clone_2-90_34_Rv	7196_112_clone_2-90_34_Rv_AAGAGGCA-CGGAGAGA_S128_R1_001.fastq.gz	R1	Rev_SB	SB	mESC	mm10
clone_2-90_34_Rv	7196_112_clone_2-90_34_Rv_AAGAGGCA-CGGAGAGA_S128_R2_001.fastq.gz	R2	Rev_SB	SB	mESC	mm10
clone_2-91_34_Rv	7196_113_clone_2-91_34_Rv_GTAGAGGA-CGGAGAGA_S129_R1_001.fastq.gz	R1	Rev_SB	SB	mESC	mm10
clone_2-91_34_Rv	7196_113_clone_2-91_34_Rv_GTAGAGGA-CGGAGAGA_S129_R2_001.fastq.gz	R2	Rev_SB	SB	mESC	mm10
clone_2-95_34_Rv	7196_114_clone_2-95_34_Rv_TAAGGCGA-CTAGTCGA_S130_R1_001.fastq.gz	R1	Rev_SB	SB	mESC	mm10
clone_2-95_34_Rv	7196_114_clone_2-95_34_Rv_TAAGGCGA-CTAGTCGA_S130_R2_001.fastq.gz	R2	Rev_SB	SB	mESC	mm10
clone_5-95_34_Rv	7196_115_clone_5-95_34_Rv_CGTACTAG-CTAGTCGA_S131_R1_001.fastq.gz	R1	Rev_SB	SB	mESC	mm10
clone_5-95_34_Rv	7196_115_clone_5-95_34_Rv_CGTACTAG-CTAGTCGA_S131_R2_001.fastq.gz	R2	Rev_SB	SB	mESC	mm10
clone_5-96_34_Rv	7196_116_clone_5-96_34_Rv_AGGCAGAA-CTAGTCGA_S132_R1_001.fastq.gz	R1	Rev_SB	SB	mESC	mm10
clone_5-96_34_Rv	7196_116_clone_5-96_34_Rv_AGGCAGAA-CTAGTCGA_S132_R2_001.fastq.gz	R2	Rev_SB	SB	mESC	mm10
clone_1-3_34_Rv	7196_117_clone_1-3_34_Rv_TCCTGAGC-CTAGTCGA_S133_R1_001.fastq.gz	R1	Rev_SB	SB	mESC	mm10
clone_1-3_34_Rv	7196_117_clone_1-3_34_Rv_TCCTGAGC-CTAGTCGA_S133_R2_001.fastq.gz	R2	Rev_SB	SB	mESC	mm10
clone_1-5_34_Rv	7196_118_clone_1-5_34_Rv_GGACTCCT-CTAGTCGA_S134_R1_001.fastq.gz	R1	Rev_SB	SB	mESC	mm10
clone_1-5_34_Rv	7196_118_clone_1-5_34_Rv_GGACTCCT-CTAGTCGA_S134_R2_001.fastq.gz	R2	Rev_SB	SB	mESC	mm10
clone_1-6_34_Rv	7196_119_clone_1-6_34_Rv_TAGGCATG-CTAGTCGA_S135_R1_001.fastq.gz	R1	Rev_SB	SB	mESC	mm10
clone_1-6_34_Rv	7196_119_clone_1-6_34_Rv_TAGGCATG-CTAGTCGA_S135_R2_001.fastq.gz	R2	Rev_SB	SB	mESC	mm10
clone_1-7_34_Rv	7196_120_clone_1-7_34_Rv_CTCTCTAC-CTAGTCGA_S121_R1_001.fastq.gz	R1	Rev_SB	SB	mESC	mm10
clone_1-7_34_Rv	7196_120_clone_1-7_34_Rv_CTCTCTAC-CTAGTCGA_S121_R2_001.fastq.gz	R2	Rev_SB	SB	mESC	mm10
clone_1-8_34_Rv	7196_121_clone_1-8_34_Rv_CAGAGAGG-CTAGTCGA_S138_R1_001.fastq.gz	R1	Rev_SB	SB	mESC	mm10
clone_1-8_34_Rv	7196_121_clone_1-8_34_Rv_CAGAGAGG-CTAGTCGA_S138_R2_001.fastq.gz	R2	Rev_SB	SB	mESC	mm10
clone_1-9_34_Rv	7196_122_clone_1-9_34_Rv_GCTACGCT-CTAGTCGA_S139_R1_001.fastq.gz	R1	Rev_SB	SB	mESC	mm10
clone_1-9_34_Rv	7196_122_clone_1-9_34_Rv_GCTACGCT-CTAGTCGA_S139_R2_001.fastq.gz	R2	Rev_SB	SB	mESC	mm10
clone_1-12_34_Rv	7196_123_clone_1-12_34_Rv_CGAGGCTG-CTAGTCGA_S140_R1_001.fastq.gz	R1	Rev_SB	SB	mESC	mm10
clone_1-12_34_Rv	7196_123_clone_1-12_34_Rv_CGAGGCTG-CTAGTCGA_S140_R2_001.fastq.gz	R2	Rev_SB	SB	mESC	mm10
clone_1-15_34_Rv	7196_124_clone_1-15_34_Rv_AAGAGGCA-CTAGTCGA_S141_R1_001.fastq.gz	R1	Rev_SB	SB	mESC	mm10
clone_1-15_34_Rv	7196_124_clone_1-15_34_Rv_AAGAGGCA-CTAGTCGA_S141_R2_001.fastq.gz	R2	Rev_SB	SB	mESC	mm10
clone_1-17_34_Rv	7196_125_clone_1-17_34_Rv_GTAGAGGA-CTAGTCGA_S142_R1_001.fastq.gz	R1	Rev_SB	SB	mESC	mm10
clone_1-17_34_Rv	7196_125_clone_1-17_34_Rv_GTAGAGGA-CTAGTCGA_S142_R2_001.fastq.gz	R2	Rev_SB	SB	mESC	mm10
clone_1-19_34_Rv	7196_126_clone_1-19_34_Rv_TAAGGCGA-AGCTAGAA_S143_R1_001.fastq.gz	R1	Rev_SB	SB	mESC	mm10
clone_1-19_34_Rv	7196_126_clone_1-19_34_Rv_TAAGGCGA-AGCTAGAA_S143_R2_001.fastq.gz	R2	Rev_SB	SB	mESC	mm10
clone_1-20_34_Rv	7196_127_clone_1-20_34_Rv_CGTACTAG-AGCTAGAA_S144_R1_001.fastq.gz	R1	Rev_SB	SB	mESC	mm10
clone_1-20_34_Rv	7196_127_clone_1-20_34_Rv_CGTACTAG-AGCTAGAA_S144_R2_001.fastq.gz	R2	Rev_SB	SB	mESC	mm10
clone_1-21_34_Rv	7196_128_clone_1-21_34_Rv_AGGCAGAA-AGCTAGAA_S145_R1_001.fastq.gz	R1	Rev_SB	SB	mESC	mm10
clone_1-21_34_Rv	7196_128_clone_1-21_34_Rv_AGGCAGAA-AGCTAGAA_S145_R2_001.fastq.gz	R2	Rev_SB	SB	mESC	mm10
clone_1-22_34_Rv	7196_129_clone_1-22_34_Rv_TCCTGAGC-AGCTAGAA_S146_R1_001.fastq.gz	R1	Rev_SB	SB	mESC	mm10
clone_1-22_34_Rv	7196_129_clone_1-22_34_Rv_TCCTGAGC-AGCTAGAA_S146_R2_001.fastq.gz	R2	Rev_SB	SB	mESC	mm10
clone_1-23_34_Rv	7196_130_clone_1-23_34_Rv_GGACTCCT-AGCTAGAA_S147_R1_001.fastq.gz	R1	Rev_SB	SB	mESC	mm10
clone_1-23_34_Rv	7196_130_clone_1-23_34_Rv_GGACTCCT-AGCTAGAA_S147_R2_001.fastq.gz	R2	Rev_SB	SB	mESC	mm10
clone_1-26_34_Rv	7196_131_clone_1-26_34_Rv_TAGGCATG-AGCTAGAA_S148_R1_001.fastq.gz	R1	Rev_SB	SB	mESC	mm10
clone_1-26_34_Rv	7196_131_clone_1-26_34_Rv_TAGGCATG-AGCTAGAA_S148_R2_001.fastq.gz	R2	Rev_SB	SB	mESC	mm10
clone_1-29_34_Rv	7196_132_clone_1-29_34_Rv_CTCTCTAC-AGCTAGAA_S149_R1_001.fastq.gz	R1	Rev_SB	SB	mESC	mm10
clone_1-29_34_Rv	7196_132_clone_1-29_34_Rv_CTCTCTAC-AGCTAGAA_S149_R2_001.fastq.gz	R2	Rev_SB	SB	mESC	mm10
clone_1-30_34_Rv	7196_133_clone_1-30_34_Rv_CAGAGAGG-AGCTAGAA_S150_R1_001.fastq.gz	R1	Rev_SB	SB	mESC	mm10
clone_1-30_34_Rv	7196_133_clone_1-30_34_Rv_CAGAGAGG-AGCTAGAA_S150_R2_001.fastq.gz	R2	Rev_SB	SB	mESC	mm10
clone_1-32_34_Rv	7196_134_clone_1-32_34_Rv_GCTACGCT-AGCTAGAA_S151_R1_001.fastq.gz	R1	Rev_SB	SB	mESC	mm10
clone_1-32_34_Rv	7196_134_clone_1-32_34_Rv_GCTACGCT-AGCTAGAA_S151_R2_001.fastq.gz	R2	Rev_SB	SB	mESC	mm10
clone_1-33_34_Rv	7196_135_clone_1-33_34_Rv_CGAGGCTG-AGCTAGAA_S152_R1_001.fastq.gz	R1	Rev_SB	SB	mESC	mm10
clone_1-33_34_Rv	7196_135_clone_1-33_34_Rv_CGAGGCTG-AGCTAGAA_S152_R2_001.fastq.gz	R2	Rev_SB	SB	mESC	mm10
clone_1-34_34_Rv	7196_136_clone_1-34_34_Rv_AAGAGGCA-AGCTAGAA_S137_R1_001.fastq.gz	R1	Rev_SB	SB	mESC	mm10
clone_1-34_34_Rv	7196_136_clone_1-34_34_Rv_AAGAGGCA-AGCTAGAA_S137_R2_001.fastq.gz	R2	Rev_SB	SB	mESC	mm10
clone_1-36_34_Rv	7196_137_clone_1-36_34_Rv_GTAGAGGA-AGCTAGAA_S155_R1_001.fastq.gz	R1	Rev_SB	SB	mESC	mm10
clone_1-36_34_Rv	7196_137_clone_1-36_34_Rv_GTAGAGGA-AGCTAGAA_S155_R2_001.fastq.gz	R2	Rev_SB	SB	mESC	mm10
clone_1-38_34_Rv	7196_138_clone_1-38_34_Rv_TAAGGCGA-ACTCTAGG_S156_R1_001.fastq.gz	R1	Rev_SB	SB	mESC	mm10
clone_1-38_34_Rv	7196_138_clone_1-38_34_Rv_TAAGGCGA-ACTCTAGG_S156_R2_001.fastq.gz	R2	Rev_SB	SB	mESC	mm10
clone_1-39_34_Rv	7196_139_clone_1-39_34_Rv_CGTACTAG-ACTCTAGG_S157_R1_001.fastq.gz	R1	Rev_SB	SB	mESC	mm10
clone_1-39_34_Rv	7196_139_clone_1-39_34_Rv_CGTACTAG-ACTCTAGG_S157_R2_001.fastq.gz	R2	Rev_SB	SB	mESC	mm10
clone_1-40_34_Rv	7196_140_clone_1-40_34_Rv_AGGCAGAA-ACTCTAGG_S158_R1_001.fastq.gz	R1	Rev_SB	SB	mESC	mm10
clone_1-40_34_Rv	7196_140_clone_1-40_34_Rv_AGGCAGAA-ACTCTAGG_S158_R2_001.fastq.gz	R2	Rev_SB	SB	mESC	mm10
clone_1-41_34_Rv	7196_141_clone_1-41_34_Rv_TCCTGAGC-ACTCTAGG_S159_R1_001.fastq.gz	R1	Rev_SB	SB	mESC	mm10
clone_1-41_34_Rv	7196_141_clone_1-41_34_Rv_TCCTGAGC-ACTCTAGG_S159_R2_001.fastq.gz	R2	Rev_SB	SB	mESC	mm10
clone_1-42_34_Rv	7196_142_clone_1-42_34_Rv_GGACTCCT-ACTCTAGG_S160_R1_001.fastq.gz	R1	Rev_SB	SB	mESC	mm10
clone_1-42_34_Rv	7196_142_clone_1-42_34_Rv_GGACTCCT-ACTCTAGG_S160_R2_001.fastq.gz	R2	Rev_SB	SB	mESC	mm10
clone_1-43_34_Rv	7196_143_clone_1-43_34_Rv_TAGGCATG-ACTCTAGG_S161_R1_001.fastq.gz	R1	Rev_SB	SB	mESC	mm10
clone_1-43_34_Rv	7196_143_clone_1-43_34_Rv_TAGGCATG-ACTCTAGG_S161_R2_001.fastq.gz	R2	Rev_SB	SB	mESC	mm10
clone_1-44_34_Rv	7196_144_clone_1-44_34_Rv_CTCTCTAC-ACTCTAGG_S162_R1_001.fastq.gz	R1	Rev_SB	SB	mESC	mm10
clone_1-44_34_Rv	7196_144_clone_1-44_34_Rv_CTCTCTAC-ACTCTAGG_S162_R2_001.fastq.gz	R2	Rev_SB	SB	mESC	mm10
clone_1-45_34_Rv	7196_145_clone_1-45_34_Rv_CAGAGAGG-ACTCTAGG_S163_R1_001.fastq.gz	R1	Rev_SB	SB	mESC	mm10
clone_1-45_34_Rv	7196_145_clone_1-45_34_Rv_CAGAGAGG-ACTCTAGG_S163_R2_001.fastq.gz	R2	Rev_SB	SB	mESC	mm10
clone_1-47_34_Rv	7196_146_clone_1-47_34_Rv_GCTACGCT-ACTCTAGG_S164_R1_001.fastq.gz	R1	Rev_SB	SB	mESC	mm10
clone_1-47_34_Rv	7196_146_clone_1-47_34_Rv_GCTACGCT-ACTCTAGG_S164_R2_001.fastq.gz	R2	Rev_SB	SB	mESC	mm10
clone_1-48_34_Rv	7196_147_clone_1-48_34_Rv_CGAGGCTG-ACTCTAGG_S165_R1_001.fastq.gz	R1	Rev_SB	SB	mESC	mm10
clone_1-48_34_Rv	7196_147_clone_1-48_34_Rv_CGAGGCTG-ACTCTAGG_S165_R2_001.fastq.gz	R2	Rev_SB	SB	mESC	mm10
clone_1-49_34_Rv	7196_148_clone_1-49_34_Rv_AAGAGGCA-ACTCTAGG_S166_R1_001.fastq.gz	R1	Rev_SB	SB	mESC	mm10
clone_1-49_34_Rv	7196_148_clone_1-49_34_Rv_AAGAGGCA-ACTCTAGG_S166_R2_001.fastq.gz	R2	Rev_SB	SB	mESC	mm10
clone_1-50_34_Rv	7196_149_clone_1-50_34_Rv_GTAGAGGA-ACTCTAGG_S167_R1_001.fastq.gz	R1	Rev_SB	SB	mESC	mm10
clone_1-50_34_Rv	7196_149_clone_1-50_34_Rv_GTAGAGGA-ACTCTAGG_S167_R2_001.fastq.gz	R2	Rev_SB	SB	mESC	mm10
clone_1-52_34_Rv	7196_150_clone_1-52_34_Rv_TAAGGCGA-TCTTACGC_S168_R1_001.fastq.gz	R1	Rev_SB	SB	mESC	mm10
clone_1-52_34_Rv	7196_150_clone_1-52_34_Rv_TAAGGCGA-TCTTACGC_S168_R2_001.fastq.gz	R2	Rev_SB	SB	mESC	mm10
clone_1-53_34_Rv	7196_151_clone_1-53_34_Rv_CGTACTAG-TCTTACGC_S169_R1_001.fastq.gz	R1	Rev_SB	SB	mESC	mm10
clone_1-53_34_Rv	7196_151_clone_1-53_34_Rv_CGTACTAG-TCTTACGC_S169_R2_001.fastq.gz	R2	Rev_SB	SB	mESC	mm10
clone_1-54_34_Rv	7196_152_clone_1-54_34_Rv_AGGCAGAA-TCTTACGC_S170_R1_001.fastq.gz	R1	Rev_SB	SB	mESC	mm10
clone_1-54_34_Rv	7196_152_clone_1-54_34_Rv_AGGCAGAA-TCTTACGC_S170_R2_001.fastq.gz	R2	Rev_SB	SB	mESC	mm10
clone_1-55_34_Rv	7196_153_clone_1-55_34_Rv_TCCTGAGC-TCTTACGC_S154_R1_001.fastq.gz	R1	Rev_SB	SB	mESC	mm10
clone_1-55_34_Rv	7196_153_clone_1-55_34_Rv_TCCTGAGC-TCTTACGC_S154_R2_001.fastq.gz	R2	Rev_SB	SB	mESC	mm10
clone_1-56_34_Rv	7196_154_clone_1-56_34_Rv_GGACTCCT-TCTTACGC_S173_R1_001.fastq.gz	R1	Rev_SB	SB	mESC	mm10
clone_1-56_34_Rv	7196_154_clone_1-56_34_Rv_GGACTCCT-TCTTACGC_S173_R2_001.fastq.gz	R2	Rev_SB	SB	mESC	mm10
clone_1-60_34_Rv	7196_155_clone_1-60_34_Rv_TAGGCATG-TCTTACGC_S174_R1_001.fastq.gz	R1	Rev_SB	SB	mESC	mm10
clone_1-60_34_Rv	7196_155_clone_1-60_34_Rv_TAGGCATG-TCTTACGC_S174_R2_001.fastq.gz	R2	Rev_SB	SB	mESC	mm10
clone_1-62_34_Rv	7196_156_clone_1-62_34_Rv_CTCTCTAC-TCTTACGC_S175_R1_001.fastq.gz	R1	Rev_SB	SB	mESC	mm10
clone_1-62_34_Rv	7196_156_clone_1-62_34_Rv_CTCTCTAC-TCTTACGC_S175_R2_001.fastq.gz	R2	Rev_SB	SB	mESC	mm10
clone_1-63_34_Rv	7196_157_clone_1-63_34_Rv_CAGAGAGG-TCTTACGC_S176_R1_001.fastq.gz	R1	Rev_SB	SB	mESC	mm10
clone_1-63_34_Rv	7196_157_clone_1-63_34_Rv_CAGAGAGG-TCTTACGC_S176_R2_001.fastq.gz	R2	Rev_SB	SB	mESC	mm10
clone_1-64_34_Rv	7196_158_clone_1-64_34_Rv_GCTACGCT-TCTTACGC_S177_R1_001.fastq.gz	R1	Rev_SB	SB	mESC	mm10
clone_1-64_34_Rv	7196_158_clone_1-64_34_Rv_GCTACGCT-TCTTACGC_S177_R2_001.fastq.gz	R2	Rev_SB	SB	mESC	mm10
clone_1-66_34_Rv	7196_159_clone_1-66_34_Rv_CGAGGCTG-TCTTACGC_S178_R1_001.fastq.gz	R1	Rev_SB	SB	mESC	mm10
clone_1-66_34_Rv	7196_159_clone_1-66_34_Rv_CGAGGCTG-TCTTACGC_S178_R2_001.fastq.gz	R2	Rev_SB	SB	mESC	mm10
clone_1-68_34_Rv	7196_160_clone_1-68_34_Rv_AAGAGGCA-TCTTACGC_S179_R1_001.fastq.gz	R1	Rev_SB	SB	mESC	mm10
clone_1-68_34_Rv	7196_160_clone_1-68_34_Rv_AAGAGGCA-TCTTACGC_S179_R2_001.fastq.gz	R2	Rev_SB	SB	mESC	mm10
clone_1-69_34_Rv	7196_161_clone_1-69_34_Rv_GTAGAGGA-TCTTACGC_S180_R1_001.fastq.gz	R1	Rev_SB	SB	mESC	mm10
clone_1-69_34_Rv	7196_161_clone_1-69_34_Rv_GTAGAGGA-TCTTACGC_S180_R2_001.fastq.gz	R2	Rev_SB	SB	mESC	mm10
clone_1-70_34_Rv	7196_162_clone_1-70_34_Rv_TAAGGCGA-CTTAATAG_S181_R1_001.fastq.gz	R1	Rev_SB	SB	mESC	mm10
clone_1-70_34_Rv	7196_162_clone_1-70_34_Rv_TAAGGCGA-CTTAATAG_S181_R2_001.fastq.gz	R2	Rev_SB	SB	mESC	mm10
clone_1-71_34_Rv	7196_163_clone_1-71_34_Rv_CGTACTAG-CTTAATAG_S182_R1_001.fastq.gz	R1	Rev_SB	SB	mESC	mm10
clone_1-71_34_Rv	7196_163_clone_1-71_34_Rv_CGTACTAG-CTTAATAG_S182_R2_001.fastq.gz	R2	Rev_SB	SB	mESC	mm10
clone_1-72_34_Rv	7196_164_clone_1-72_34_Rv_AGGCAGAA-CTTAATAG_S183_R1_001.fastq.gz	R1	Rev_SB	SB	mESC	mm10
clone_1-72_34_Rv	7196_164_clone_1-72_34_Rv_AGGCAGAA-CTTAATAG_S183_R2_001.fastq.gz	R2	Rev_SB	SB	mESC	mm10
clone_1-73_34_Rv	7196_165_clone_1-73_34_Rv_TCCTGAGC-CTTAATAG_S184_R1_001.fastq.gz	R1	Rev_SB	SB	mESC	mm10
clone_1-73_34_Rv	7196_165_clone_1-73_34_Rv_TCCTGAGC-CTTAATAG_S184_R2_001.fastq.gz	R2	Rev_SB	SB	mESC	mm10
clone_1-77_34_Rv	7196_166_clone_1-77_34_Rv_GGACTCCT-CTTAATAG_S185_R1_001.fastq.gz	R1	Rev_SB	SB	mESC	mm10
clone_1-77_34_Rv	7196_166_clone_1-77_34_Rv_GGACTCCT-CTTAATAG_S185_R2_001.fastq.gz	R2	Rev_SB	SB	mESC	mm10
clone_1-79_34_Rv	7196_167_clone_1-79_34_Rv_TAGGCATG-CTTAATAG_S189_R1_001.fastq.gz	R1	Rev_SB	SB	mESC	mm10
clone_1-79_34_Rv	7196_167_clone_1-79_34_Rv_TAGGCATG-CTTAATAG_S189_R2_001.fastq.gz	R2	Rev_SB	SB	mESC	mm10
clone_1-80_34_Rv	7196_168_clone_1-80_34_Rv_CTCTCTAC-CTTAATAG_S188_R1_001.fastq.gz	R1	Rev_SB	SB	mESC	mm10
clone_1-80_34_Rv	7196_168_clone_1-80_34_Rv_CTCTCTAC-CTTAATAG_S188_R2_001.fastq.gz	R2	Rev_SB	SB	mESC	mm10
clone_1-81_34_Rv	7196_169_clone_1-81_34_Rv_CAGAGAGG-CTTAATAG_S187_R1_001.fastq.gz	R1	Rev_SB	SB	mESC	mm10
clone_1-81_34_Rv	7196_169_clone_1-81_34_Rv_CAGAGAGG-CTTAATAG_S187_R2_001.fastq.gz	R2	Rev_SB	SB	mESC	mm10
clone_1-83_34_Rv	7196_170_clone_1-83_34_Rv_GCTACGCT-CTTAATAG_S186_R1_001.fastq.gz	R1	Rev_SB	SB	mESC	mm10
clone_1-83_34_Rv	7196_170_clone_1-83_34_Rv_GCTACGCT-CTTAATAG_S186_R2_001.fastq.gz	R2	Rev_SB	SB	mESC	mm10
clone_1-84_34_Rv	7196_171_clone_1-84_34_Rv_CGAGGCTG-CTTAATAG_S172_R1_001.fastq.gz	R1	Rev_SB	SB	mESC	mm10
clone_1-84_34_Rv	7196_171_clone_1-84_34_Rv_CGAGGCTG-CTTAATAG_S172_R2_001.fastq.gz	R2	Rev_SB	SB	mESC	mm10
clone_1-85_34_Rv	7196_172_clone_1-85_34_Rv_AAGAGGCA-CTTAATAG_S192_R1_001.fastq.gz	R1	Rev_SB	SB	mESC	mm10
clone_1-85_34_Rv	7196_172_clone_1-85_34_Rv_AAGAGGCA-CTTAATAG_S192_R2_001.fastq.gz	R2	Rev_SB	SB	mESC	mm10
clone_1-87_34_Rv	7196_173_clone_1-87_34_Rv_GTAGAGGA-CTTAATAG_S194_R1_001.fastq.gz	R1	Rev_SB	SB	mESC	mm10
clone_1-87_34_Rv	7196_173_clone_1-87_34_Rv_GTAGAGGA-CTTAATAG_S194_R2_001.fastq.gz	R2	Rev_SB	SB	mESC	mm10
clone_1-90_34_Rv	7196_174_clone_1-90_34_Rv_TAAGGCGA-ATAGCCTT_S195_R1_001.fastq.gz	R1	Rev_SB	SB	mESC	mm10
clone_1-90_34_Rv	7196_174_clone_1-90_34_Rv_TAAGGCGA-ATAGCCTT_S195_R2_001.fastq.gz	R2	Rev_SB	SB	mESC	mm10
clone_1-91_34_Rv	7196_175_clone_1-91_34_Rv_CGTACTAG-ATAGCCTT_S197_R1_001.fastq.gz	R1	Rev_SB	SB	mESC	mm10
clone_1-91_34_Rv	7196_175_clone_1-91_34_Rv_CGTACTAG-ATAGCCTT_S197_R2_001.fastq.gz	R2	Rev_SB	SB	mESC	mm10
clone_1-92_34_Rv	7196_176_clone_1-92_34_Rv_AGGCAGAA-ATAGCCTT_S198_R1_001.fastq.gz	R1	Rev_SB	SB	mESC	mm10
clone_1-92_34_Rv	7196_176_clone_1-92_34_Rv_AGGCAGAA-ATAGCCTT_S198_R2_001.fastq.gz	R2	Rev_SB	SB	mESC	mm10
clone_1-94_34_Rv	7196_177_clone_1-94_34_Rv_TCCTGAGC-ATAGCCTT_S200_R1_001.fastq.gz	R1	Rev_SB	SB	mESC	mm10
clone_1-94_34_Rv	7196_177_clone_1-94_34_Rv_TCCTGAGC-ATAGCCTT_S200_R2_001.fastq.gz	R2	Rev_SB	SB	mESC	mm10
clone_1-96_34_Rv	7196_178_clone_1-96_34_Rv_GGACTCCT-ATAGCCTT_S201_R1_001.fastq.gz	R1	Rev_SB	SB	mESC	mm10
clone_1-96_34_Rv	7196_178_clone_1-96_34_Rv_GGACTCCT-ATAGCCTT_S201_R2_001.fastq.gz	R2	Rev_SB	SB	mESC	mm10
clone_3-13_34_Fw	7196_179_clone_3-13_34_Fw_GCTCATGA-GCGATCTA_S202_R1_001.fastq.gz	R1	For_SB	SB	mESC	mm10
clone_3-13_34_Fw	7196_179_clone_3-13_34_Fw_GCTCATGA-GCGATCTA_S202_R2_001.fastq.gz	R2	For_SB	SB	mESC	mm10
clone_3-15_34_Fw	7196_180_clone_3-15_34_Fw_ATCTCAGG-GCGATCTA_S204_R1_001.fastq.gz	R1	For_SB	SB	mESC	mm10
clone_3-15_34_Fw	7196_180_clone_3-15_34_Fw_ATCTCAGG-GCGATCTA_S204_R2_001.fastq.gz	R2	For_SB	SB	mESC	mm10
clone_3-20_34_Fw	7196_181_clone_3-20_34_Fw_ACTCGCTA-GCGATCTA_S205_R1_001.fastq.gz	R1	For_SB	SB	mESC	mm10
clone_3-20_34_Fw	7196_181_clone_3-20_34_Fw_ACTCGCTA-GCGATCTA_S205_R2_001.fastq.gz	R2	For_SB	SB	mESC	mm10
clone_3-25_34_Fw	7196_182_clone_3-25_34_Fw_GGAGCTAC-GCGATCTA_S203_R1_001.fastq.gz	R1	For_SB	SB	mESC	mm10
clone_3-25_34_Fw	7196_182_clone_3-25_34_Fw_GGAGCTAC-GCGATCTA_S203_R2_001.fastq.gz	R2	For_SB	SB	mESC	mm10
clone_3-31_34_Fw	7196_183_clone_3-31_34_Fw_GCGTAGTA-GCGATCTA_S199_R1_001.fastq.gz	R1	For_SB	SB	mESC	mm10
clone_3-31_34_Fw	7196_183_clone_3-31_34_Fw_GCGTAGTA-GCGATCTA_S199_R2_001.fastq.gz	R2	For_SB	SB	mESC	mm10
clone_3-32_34_Fw	7196_184_clone_3-32_34_Fw_CGGAGCCT-GCGATCTA_S196_R1_001.fastq.gz	R1	For_SB	SB	mESC	mm10
clone_3-32_34_Fw	7196_184_clone_3-32_34_Fw_CGGAGCCT-GCGATCTA_S196_R2_001.fastq.gz	R2	For_SB	SB	mESC	mm10
clone_3-33_34_Fw	7196_185_clone_3-33_34_Fw_TACGCTGC-GCGATCTA_S193_R1_001.fastq.gz	R1	For_SB	SB	mESC	mm10
clone_3-33_34_Fw	7196_185_clone_3-33_34_Fw_TACGCTGC-GCGATCTA_S193_R2_001.fastq.gz	R2	For_SB	SB	mESC	mm10
clone_3-42_34_Fw	7196_186_clone_3-42_34_Fw_ATGCGCAG-GCGATCTA_S1_R1_001.fastq.gz	R1	For_SB	SB	mESC	mm10
clone_3-42_34_Fw	7196_186_clone_3-42_34_Fw_ATGCGCAG-GCGATCTA_S1_R2_001.fastq.gz	R2	For_SB	SB	mESC	mm10
clone_3-49_34_Fw	7196_187_clone_3-49_34_Fw_TAGCGCTC-GCGATCTA_S3_R1_001.fastq.gz	R1	For_SB	SB	mESC	mm10
clone_3-49_34_Fw	7196_187_clone_3-49_34_Fw_TAGCGCTC-GCGATCTA_S3_R2_001.fastq.gz	R2	For_SB	SB	mESC	mm10
clone_3-50_34_Fw	7196_188_clone_3-50_34_Fw_ACTGAGCG-GCGATCTA_S6_R1_001.fastq.gz	R1	For_SB	SB	mESC	mm10
clone_3-50_34_Fw	7196_188_clone_3-50_34_Fw_ACTGAGCG-GCGATCTA_S6_R2_001.fastq.gz	R2	For_SB	SB	mESC	mm10
clone_3-52_34_Fw	7196_189_clone_3-52_34_Fw_CCTAAGAC-GCGATCTA_S191_R1_001.fastq.gz	R1	For_SB	SB	mESC	mm10
clone_3-52_34_Fw	7196_189_clone_3-52_34_Fw_CCTAAGAC-GCGATCTA_S191_R2_001.fastq.gz	R2	For_SB	SB	mESC	mm10
clone_3-54_34_Fw	7196_190_clone_3-54_34_Fw_CGATCAGT-GCGATCTA_S10_R1_001.fastq.gz	R1	For_SB	SB	mESC	mm10
clone_3-54_34_Fw	7196_190_clone_3-54_34_Fw_CGATCAGT-GCGATCTA_S10_R2_001.fastq.gz	R2	For_SB	SB	mESC	mm10
clone_3-55_34_Fw	7196_191_clone_3-55_34_Fw_GCTCATGA-ATAGAGAG_S209_R1_001.fastq.gz	R1	For_SB	SB	mESC	mm10
clone_3-55_34_Fw	7196_191_clone_3-55_34_Fw_GCTCATGA-ATAGAGAG_S209_R2_001.fastq.gz	R2	For_SB	SB	mESC	mm10
clone_3-59_34_Fw	7196_192_clone_3-59_34_Fw_ATCTCAGG-ATAGAGAG_S210_R1_001.fastq.gz	R1	For_SB	SB	mESC	mm10
clone_3-59_34_Fw	7196_192_clone_3-59_34_Fw_ATCTCAGG-ATAGAGAG_S210_R2_001.fastq.gz	R2	For_SB	SB	mESC	mm10
clone_3-68_34_Fw	7196_193_clone_3-68_34_Fw_ACTCGCTA-ATAGAGAG_S15_R1_001.fastq.gz	R1	For_SB	SB	mESC	mm10
clone_3-68_34_Fw	7196_193_clone_3-68_34_Fw_ACTCGCTA-ATAGAGAG_S15_R2_001.fastq.gz	R2	For_SB	SB	mESC	mm10
clone_3-69_34_Fw	7196_194_clone_3-69_34_Fw_GGAGCTAC-ATAGAGAG_S211_R1_001.fastq.gz	R1	For_SB	SB	mESC	mm10
clone_3-69_34_Fw	7196_194_clone_3-69_34_Fw_GGAGCTAC-ATAGAGAG_S211_R2_001.fastq.gz	R2	For_SB	SB	mESC	mm10
clone_3-78_34_Fw	7196_195_clone_3-78_34_Fw_GCGTAGTA-ATAGAGAG_S212_R1_001.fastq.gz	R1	For_SB	SB	mESC	mm10
clone_3-78_34_Fw	7196_195_clone_3-78_34_Fw_GCGTAGTA-ATAGAGAG_S212_R2_001.fastq.gz	R2	For_SB	SB	mESC	mm10
clone_3-86_34_Fw	7196_196_clone_3-86_34_Fw_CGGAGCCT-ATAGAGAG_S21_R1_001.fastq.gz	R1	For_SB	SB	mESC	mm10
clone_3-86_34_Fw	7196_196_clone_3-86_34_Fw_CGGAGCCT-ATAGAGAG_S21_R2_001.fastq.gz	R2	For_SB	SB	mESC	mm10
clone_3-88_34_Fw	7196_197_clone_3-88_34_Fw_TACGCTGC-ATAGAGAG_S214_R1_001.fastq.gz	R1	For_SB	SB	mESC	mm10
clone_3-88_34_Fw	7196_197_clone_3-88_34_Fw_TACGCTGC-ATAGAGAG_S214_R2_001.fastq.gz	R2	For_SB	SB	mESC	mm10
clone_3-91_34_Fw	7196_198_clone_3-91_34_Fw_ATGCGCAG-ATAGAGAG_S215_R1_001.fastq.gz	R1	For_SB	SB	mESC	mm10
clone_3-91_34_Fw	7196_198_clone_3-91_34_Fw_ATGCGCAG-ATAGAGAG_S215_R2_001.fastq.gz	R2	For_SB	SB	mESC	mm10
clone_3-96_34_Fw	7196_199_clone_3-96_34_Fw_TAGCGCTC-ATAGAGAG_S28_R1_001.fastq.gz	R1	For_SB	SB	mESC	mm10
clone_3-96_34_Fw	7196_199_clone_3-96_34_Fw_TAGCGCTC-ATAGAGAG_S28_R2_001.fastq.gz	R2	For_SB	SB	mESC	mm10
clone_6-1_34_Fw	7196_200_clone_6-1_34_Fw_ACTGAGCG-ATAGAGAG_S216_R1_001.fastq.gz	R1	For_SB	SB	mESC	mm10
clone_6-1_34_Fw	7196_200_clone_6-1_34_Fw_ACTGAGCG-ATAGAGAG_S216_R2_001.fastq.gz	R2	For_SB	SB	mESC	mm10
clone_6-7_34_Fw	7196_201_clone_6-7_34_Fw_CCTAAGAC-ATAGAGAG_S217_R1_001.fastq.gz	R1	For_SB	SB	mESC	mm10
clone_6-7_34_Fw	7196_201_clone_6-7_34_Fw_CCTAAGAC-ATAGAGAG_S217_R2_001.fastq.gz	R2	For_SB	SB	mESC	mm10
clone_6-11_34_Fw	7196_202_clone_6-11_34_Fw_CGATCAGT-ATAGAGAG_S218_R1_001.fastq.gz	R1	For_SB	SB	mESC	mm10
clone_6-11_34_Fw	7196_202_clone_6-11_34_Fw_CGATCAGT-ATAGAGAG_S218_R2_001.fastq.gz	R2	For_SB	SB	mESC	mm10
clone_6-12_34_Fw	7196_203_clone_6-12_34_Fw_GCTCATGA-AGAGGATA_S36_R1_001.fastq.gz	R1	For_SB	SB	mESC	mm10
clone_6-12_34_Fw	7196_203_clone_6-12_34_Fw_GCTCATGA-AGAGGATA_S36_R2_001.fastq.gz	R2	For_SB	SB	mESC	mm10
clone_6-13_34_Fw	7196_204_clone_6-13_34_Fw_ATCTCAGG-AGAGGATA_S213_R1_001.fastq.gz	R1	For_SB	SB	mESC	mm10
clone_6-13_34_Fw	7196_204_clone_6-13_34_Fw_ATCTCAGG-AGAGGATA_S213_R2_001.fastq.gz	R2	For_SB	SB	mESC	mm10
clone_6-15_34_Fw	7196_205_clone_6-15_34_Fw_ACTCGCTA-AGAGGATA_S208_R1_001.fastq.gz	R1	For_SB	SB	mESC	mm10
clone_6-15_34_Fw	7196_205_clone_6-15_34_Fw_ACTCGCTA-AGAGGATA_S208_R2_001.fastq.gz	R2	For_SB	SB	mESC	mm10
clone_6-17_34_Fw	7196_206_clone_6-17_34_Fw_GGAGCTAC-AGAGGATA_S207_R1_001.fastq.gz	R1	For_SB	SB	mESC	mm10
clone_6-17_34_Fw	7196_206_clone_6-17_34_Fw_GGAGCTAC-AGAGGATA_S207_R2_001.fastq.gz	R2	For_SB	SB	mESC	mm10
clone_6-20_34_Fw	7196_207_clone_6-20_34_Fw_GCGTAGTA-AGAGGATA_S221_R1_001.fastq.gz	R1	For_SB	SB	mESC	mm10
clone_6-20_34_Fw	7196_207_clone_6-20_34_Fw_GCGTAGTA-AGAGGATA_S221_R2_001.fastq.gz	R2	For_SB	SB	mESC	mm10
clone_6-23_34_Fw	7196_208_clone_6-23_34_Fw_CGGAGCCT-AGAGGATA_S45_R1_001.fastq.gz	R1	For_SB	SB	mESC	mm10
clone_6-23_34_Fw	7196_208_clone_6-23_34_Fw_CGGAGCCT-AGAGGATA_S45_R2_001.fastq.gz	R2	For_SB	SB	mESC	mm10
clone_6-29_34_Fw	7196_209_clone_6-29_34_Fw_TACGCTGC-AGAGGATA_S222_R1_001.fastq.gz	R1	For_SB	SB	mESC	mm10
clone_6-29_34_Fw	7196_209_clone_6-29_34_Fw_TACGCTGC-AGAGGATA_S222_R2_001.fastq.gz	R2	For_SB	SB	mESC	mm10
clone_6-30_34_Fw	7196_210_clone_6-30_34_Fw_ATGCGCAG-AGAGGATA_S223_R1_001.fastq.gz	R1	For_SB	SB	mESC	mm10
clone_6-30_34_Fw	7196_210_clone_6-30_34_Fw_ATGCGCAG-AGAGGATA_S223_R2_001.fastq.gz	R2	For_SB	SB	mESC	mm10
clone_6-39_34_Fw	7196_211_clone_6-39_34_Fw_TAGCGCTC-AGAGGATA_S225_R1_001.fastq.gz	R1	For_SB	SB	mESC	mm10
clone_6-39_34_Fw	7196_211_clone_6-39_34_Fw_TAGCGCTC-AGAGGATA_S225_R2_001.fastq.gz	R2	For_SB	SB	mESC	mm10
clone_6-43_34_Fw	7196_212_clone_6-43_34_Fw_ACTGAGCG-AGAGGATA_S226_R1_001.fastq.gz	R1	For_SB	SB	mESC	mm10
clone_6-43_34_Fw	7196_212_clone_6-43_34_Fw_ACTGAGCG-AGAGGATA_S226_R2_001.fastq.gz	R2	For_SB	SB	mESC	mm10
clone_6-44_34_Fw	7196_213_clone_6-44_34_Fw_CCTAAGAC-AGAGGATA_S55_R1_001.fastq.gz	R1	For_SB	SB	mESC	mm10
clone_6-44_34_Fw	7196_213_clone_6-44_34_Fw_CCTAAGAC-AGAGGATA_S55_R2_001.fastq.gz	R2	For_SB	SB	mESC	mm10
clone_6-47_34_Fw	7196_214_clone_6-47_34_Fw_CGATCAGT-AGAGGATA_S227_R1_001.fastq.gz	R1	For_SB	SB	mESC	mm10
clone_6-47_34_Fw	7196_214_clone_6-47_34_Fw_CGATCAGT-AGAGGATA_S227_R2_001.fastq.gz	R2	For_SB	SB	mESC	mm10
clone_6-54_34_Fw	7196_215_clone_6-54_34_Fw_GCTCATGA-TCTACTCT_S228_R1_001.fastq.gz	R1	For_SB	SB	mESC	mm10
clone_6-54_34_Fw	7196_215_clone_6-54_34_Fw_GCTCATGA-TCTACTCT_S228_R2_001.fastq.gz	R2	For_SB	SB	mESC	mm10
clone_6-62_34_Fw	7196_216_clone_6-62_34_Fw_ATCTCAGG-TCTACTCT_S229_R1_001.fastq.gz	R1	For_SB	SB	mESC	mm10
clone_6-62_34_Fw	7196_216_clone_6-62_34_Fw_ATCTCAGG-TCTACTCT_S229_R2_001.fastq.gz	R2	For_SB	SB	mESC	mm10
clone_6-67_34_Fw	7196_217_clone_6-67_34_Fw_ACTCGCTA-TCTACTCT_S224_R1_001.fastq.gz	R1	For_SB	SB	mESC	mm10
clone_6-67_34_Fw	7196_217_clone_6-67_34_Fw_ACTCGCTA-TCTACTCT_S224_R2_001.fastq.gz	R2	For_SB	SB	mESC	mm10
clone_6-68_34_Fw	7196_218_clone_6-68_34_Fw_GGAGCTAC-TCTACTCT_S66_R1_001.fastq.gz	R1	For_SB	SB	mESC	mm10
clone_6-68_34_Fw	7196_218_clone_6-68_34_Fw_GGAGCTAC-TCTACTCT_S66_R2_001.fastq.gz	R2	For_SB	SB	mESC	mm10
clone_6-69_34_Fw	7196_219_clone_6-69_34_Fw_GCGTAGTA-TCTACTCT_S220_R1_001.fastq.gz	R1	For_SB	SB	mESC	mm10
clone_6-69_34_Fw	7196_219_clone_6-69_34_Fw_GCGTAGTA-TCTACTCT_S220_R2_001.fastq.gz	R2	For_SB	SB	mESC	mm10
clone_6-71_34_Fw	7196_220_clone_6-71_34_Fw_CGGAGCCT-TCTACTCT_S233_R1_001.fastq.gz	R1	For_SB	SB	mESC	mm10
clone_6-71_34_Fw	7196_220_clone_6-71_34_Fw_CGGAGCCT-TCTACTCT_S233_R2_001.fastq.gz	R2	For_SB	SB	mESC	mm10
clone_6-75_34_Fw	7196_221_clone_6-75_34_Fw_TACGCTGC-TCTACTCT_S234_R1_001.fastq.gz	R1	For_SB	SB	mESC	mm10
clone_6-75_34_Fw	7196_221_clone_6-75_34_Fw_TACGCTGC-TCTACTCT_S234_R2_001.fastq.gz	R2	For_SB	SB	mESC	mm10
clone_6-76_34_Fw	7196_222_clone_6-76_34_Fw_ATGCGCAG-TCTACTCT_S235_R1_001.fastq.gz	R1	For_SB	SB	mESC	mm10
clone_6-76_34_Fw	7196_222_clone_6-76_34_Fw_ATGCGCAG-TCTACTCT_S235_R2_001.fastq.gz	R2	For_SB	SB	mESC	mm10
clone_6-83_34_Fw	7196_223_clone_6-83_34_Fw_TAGCGCTC-TCTACTCT_S236_R1_001.fastq.gz	R1	For_SB	SB	mESC	mm10
clone_6-83_34_Fw	7196_223_clone_6-83_34_Fw_TAGCGCTC-TCTACTCT_S236_R2_001.fastq.gz	R2	For_SB	SB	mESC	mm10
clone_6-89_34_Fw	7196_224_clone_6-89_34_Fw_ACTGAGCG-TCTACTCT_S78_R1_001.fastq.gz	R1	For_SB	SB	mESC	mm10
clone_6-89_34_Fw	7196_224_clone_6-89_34_Fw_ACTGAGCG-TCTACTCT_S78_R2_001.fastq.gz	R2	For_SB	SB	mESC	mm10
clone_6-96_34_Fw	7196_225_clone_6-96_34_Fw_CCTAAGAC-TCTACTCT_S237_R1_001.fastq.gz	R1	For_SB	SB	mESC	mm10
clone_6-96_34_Fw	7196_225_clone_6-96_34_Fw_CCTAAGAC-TCTACTCT_S237_R2_001.fastq.gz	R2	For_SB	SB	mESC	mm10
clone_4-1_34_Fw	7196_226_clone_4-1_34_Fw_CGATCAGT-TCTACTCT_S239_R1_001.fastq.gz	R1	For_SB	SB	mESC	mm10
clone_4-1_34_Fw	7196_226_clone_4-1_34_Fw_CGATCAGT-TCTACTCT_S239_R2_001.fastq.gz	R2	For_SB	SB	mESC	mm10
clone_4-2_34_Fw	7196_227_clone_4-2_34_Fw_GCTCATGA-CTCCTTAC_S240_R1_001.fastq.gz	R1	For_SB	SB	mESC	mm10
clone_4-2_34_Fw	7196_227_clone_4-2_34_Fw_GCTCATGA-CTCCTTAC_S240_R2_001.fastq.gz	R2	For_SB	SB	mESC	mm10
clone_4-3_34_Fw	7196_228_clone_4-3_34_Fw_ATCTCAGG-CTCCTTAC_S238_R1_001.fastq.gz	R1	For_SB	SB	mESC	mm10
clone_4-3_34_Fw	7196_228_clone_4-3_34_Fw_ATCTCAGG-CTCCTTAC_S238_R2_001.fastq.gz	R2	For_SB	SB	mESC	mm10
clone_4-4_34_Fw	7196_229_clone_4-4_34_Fw_ACTCGCTA-CTCCTTAC_S232_R1_001.fastq.gz	R1	For_SB	SB	mESC	mm10
clone_4-4_34_Fw	7196_229_clone_4-4_34_Fw_ACTCGCTA-CTCCTTAC_S232_R2_001.fastq.gz	R2	For_SB	SB	mESC	mm10
clone_4-5_34_Fw	7196_230_clone_4-5_34_Fw_GGAGCTAC-CTCCTTAC_S231_R1_001.fastq.gz	R1	For_SB	SB	mESC	mm10
clone_4-5_34_Fw	7196_230_clone_4-5_34_Fw_GGAGCTAC-CTCCTTAC_S231_R2_001.fastq.gz	R2	For_SB	SB	mESC	mm10
clone_4-10_34_Fw	7196_231_clone_4-10_34_Fw_GCGTAGTA-CTCCTTAC_S91_R1_001.fastq.gz	R1	For_SB	SB	mESC	mm10
clone_4-10_34_Fw	7196_231_clone_4-10_34_Fw_GCGTAGTA-CTCCTTAC_S91_R2_001.fastq.gz	R2	For_SB	SB	mESC	mm10
clone_4-11_34_Fw	7196_232_clone_4-11_34_Fw_CGGAGCCT-CTCCTTAC_S243_R1_001.fastq.gz	R1	For_SB	SB	mESC	mm10
clone_4-11_34_Fw	7196_232_clone_4-11_34_Fw_CGGAGCCT-CTCCTTAC_S243_R2_001.fastq.gz	R2	For_SB	SB	mESC	mm10
clone_4-16_34_Fw	7196_233_clone_4-16_34_Fw_TACGCTGC-CTCCTTAC_S244_R1_001.fastq.gz	R1	For_SB	SB	mESC	mm10
clone_4-16_34_Fw	7196_233_clone_4-16_34_Fw_TACGCTGC-CTCCTTAC_S244_R2_001.fastq.gz	R2	For_SB	SB	mESC	mm10
clone_4-18_34_Fw	7196_234_clone_4-18_34_Fw_ATGCGCAG-CTCCTTAC_S246_R1_001.fastq.gz	R1	For_SB	SB	mESC	mm10
clone_4-18_34_Fw	7196_234_clone_4-18_34_Fw_ATGCGCAG-CTCCTTAC_S246_R2_001.fastq.gz	R2	For_SB	SB	mESC	mm10
clone_4-19_34_Fw	7196_235_clone_4-19_34_Fw_TAGCGCTC-CTCCTTAC_S247_R1_001.fastq.gz	R1	For_SB	SB	mESC	mm10
clone_4-19_34_Fw	7196_235_clone_4-19_34_Fw_TAGCGCTC-CTCCTTAC_S247_R2_001.fastq.gz	R2	For_SB	SB	mESC	mm10
clone_4-23_34_Fw	7196_236_clone_4-23_34_Fw_ACTGAGCG-CTCCTTAC_S248_R1_001.fastq.gz	R1	For_SB	SB	mESC	mm10
clone_4-23_34_Fw	7196_236_clone_4-23_34_Fw_ACTGAGCG-CTCCTTAC_S248_R2_001.fastq.gz	R2	For_SB	SB	mESC	mm10
clone_4-27_34_Fw	7196_237_clone_4-27_34_Fw_CCTAAGAC-CTCCTTAC_S249_R1_001.fastq.gz	R1	For_SB	SB	mESC	mm10
clone_4-27_34_Fw	7196_237_clone_4-27_34_Fw_CCTAAGAC-CTCCTTAC_S249_R2_001.fastq.gz	R2	For_SB	SB	mESC	mm10
clone_4-31_34_Fw	7196_238_clone_4-31_34_Fw_CGATCAGT-CTCCTTAC_S105_R1_001.fastq.gz	R1	For_SB	SB	mESC	mm10
clone_4-31_34_Fw	7196_238_clone_4-31_34_Fw_CGATCAGT-CTCCTTAC_S105_R2_001.fastq.gz	R2	For_SB	SB	mESC	mm10
clone_4-40_34_Fw	7196_239_clone_4-40_34_Fw_GCTCATGA-TATGCAGT_S250_R1_001.fastq.gz	R1	For_SB	SB	mESC	mm10
clone_4-40_34_Fw	7196_239_clone_4-40_34_Fw_GCTCATGA-TATGCAGT_S250_R2_001.fastq.gz	R2	For_SB	SB	mESC	mm10
clone_4-46_34_Fw	7196_240_clone_4-46_34_Fw_ATCTCAGG-TATGCAGT_S245_R1_001.fastq.gz	R1	For_SB	SB	mESC	mm10
clone_4-46_34_Fw	7196_240_clone_4-46_34_Fw_ATCTCAGG-TATGCAGT_S245_R2_001.fastq.gz	R2	For_SB	SB	mESC	mm10
clone_4-47_34_Fw	7196_241_clone_4-47_34_Fw_ACTCGCTA-TATGCAGT_S242_R1_001.fastq.gz	R1	For_SB	SB	mESC	mm10
clone_4-47_34_Fw	7196_241_clone_4-47_34_Fw_ACTCGCTA-TATGCAGT_S242_R2_001.fastq.gz	R2	For_SB	SB	mESC	mm10
clone_4-48_34_Fw	7196_242_clone_4-48_34_Fw_GGAGCTAC-TATGCAGT_S254_R1_001.fastq.gz	R1	For_SB	SB	mESC	mm10
clone_4-48_34_Fw	7196_242_clone_4-48_34_Fw_GGAGCTAC-TATGCAGT_S254_R2_001.fastq.gz	R2	For_SB	SB	mESC	mm10
clone_4-54_34_Fw	7196_243_clone_4-54_34_Fw_GCGTAGTA-TATGCAGT_S255_R1_001.fastq.gz	R1	For_SB	SB	mESC	mm10
clone_4-54_34_Fw	7196_243_clone_4-54_34_Fw_GCGTAGTA-TATGCAGT_S255_R2_001.fastq.gz	R2	For_SB	SB	mESC	mm10
clone_4-62_34_Fw	7196_244_clone_4-62_34_Fw_CGGAGCCT-TATGCAGT_S256_R1_001.fastq.gz	R1	For_SB	SB	mESC	mm10
clone_4-62_34_Fw	7196_244_clone_4-62_34_Fw_CGGAGCCT-TATGCAGT_S256_R2_001.fastq.gz	R2	For_SB	SB	mESC	mm10
clone_4-64_34_Fw	7196_245_clone_4-64_34_Fw_TACGCTGC-TATGCAGT_S120_R1_001.fastq.gz	R1	For_SB	SB	mESC	mm10
clone_4-64_34_Fw	7196_245_clone_4-64_34_Fw_TACGCTGC-TATGCAGT_S120_R2_001.fastq.gz	R2	For_SB	SB	mESC	mm10
clone_4-74_34_Fw	7196_246_clone_4-74_34_Fw_ATGCGCAG-TATGCAGT_S257_R1_001.fastq.gz	R1	For_SB	SB	mESC	mm10
clone_4-74_34_Fw	7196_246_clone_4-74_34_Fw_ATGCGCAG-TATGCAGT_S257_R2_001.fastq.gz	R2	For_SB	SB	mESC	mm10
clone_4-77_34_Fw	7196_247_clone_4-77_34_Fw_TAGCGCTC-TATGCAGT_S258_R1_001.fastq.gz	R1	For_SB	SB	mESC	mm10
clone_4-77_34_Fw	7196_247_clone_4-77_34_Fw_TAGCGCTC-TATGCAGT_S258_R2_001.fastq.gz	R2	For_SB	SB	mESC	mm10
clone_4-79_34_Fw	7196_248_clone_4-79_34_Fw_ACTGAGCG-TATGCAGT_S259_R1_001.fastq.gz	R1	For_SB	SB	mESC	mm10
clone_4-79_34_Fw	7196_248_clone_4-79_34_Fw_ACTGAGCG-TATGCAGT_S259_R2_001.fastq.gz	R2	For_SB	SB	mESC	mm10
clone_4-83_34_Fw	7196_249_clone_4-83_34_Fw_CCTAAGAC-TATGCAGT_S260_R1_001.fastq.gz	R1	For_SB	SB	mESC	mm10
clone_4-83_34_Fw	7196_249_clone_4-83_34_Fw_CCTAAGAC-TATGCAGT_S260_R2_001.fastq.gz	R2	For_SB	SB	mESC	mm10
clone_4-84_34_Fw	7196_250_clone_4-84_34_Fw_CGATCAGT-TATGCAGT_S253_R1_001.fastq.gz	R1	For_SB	SB	mESC	mm10
clone_4-84_34_Fw	7196_250_clone_4-84_34_Fw_CGATCAGT-TATGCAGT_S253_R2_001.fastq.gz	R2	For_SB	SB	mESC	mm10
clone_4-89_34_Fw	7196_251_clone_4-89_34_Fw_GCTCATGA-TACTCCTT_S252_R1_001.fastq.gz	R1	For_SB	SB	mESC	mm10
clone_4-89_34_Fw	7196_251_clone_4-89_34_Fw_GCTCATGA-TACTCCTT_S252_R2_001.fastq.gz	R2	For_SB	SB	mESC	mm10
clone_4-92_34_Fw	7196_252_clone_4-92_34_Fw_ATCTCAGG-TACTCCTT_S264_R1_001.fastq.gz	R1	For_SB	SB	mESC	mm10
clone_4-92_34_Fw	7196_252_clone_4-92_34_Fw_ATCTCAGG-TACTCCTT_S264_R2_001.fastq.gz	R2	For_SB	SB	mESC	mm10
clone_4-94_34_Fw	7196_253_clone_4-94_34_Fw_ACTCGCTA-TACTCCTT_S136_R1_001.fastq.gz	R1	For_SB	SB	mESC	mm10
clone_4-94_34_Fw	7196_253_clone_4-94_34_Fw_ACTCGCTA-TACTCCTT_S136_R2_001.fastq.gz	R2	For_SB	SB	mESC	mm10
clone_4-95_34_Fw	7196_254_clone_4-95_34_Fw_GGAGCTAC-TACTCCTT_S265_R1_001.fastq.gz	R1	For_SB	SB	mESC	mm10
clone_4-95_34_Fw	7196_254_clone_4-95_34_Fw_GGAGCTAC-TACTCCTT_S265_R2_001.fastq.gz	R2	For_SB	SB	mESC	mm10
clone_5-3_34_Fw	7196_255_clone_5-3_34_Fw_GCGTAGTA-TACTCCTT_S266_R1_001.fastq.gz	R1	For_SB	SB	mESC	mm10
clone_5-3_34_Fw	7196_255_clone_5-3_34_Fw_GCGTAGTA-TACTCCTT_S266_R2_001.fastq.gz	R2	For_SB	SB	mESC	mm10
clone_5-11_34_Fw	7196_256_clone_5-11_34_Fw_CGGAGCCT-TACTCCTT_S267_R1_001.fastq.gz	R1	For_SB	SB	mESC	mm10
clone_5-11_34_Fw	7196_256_clone_5-11_34_Fw_CGGAGCCT-TACTCCTT_S267_R2_001.fastq.gz	R2	For_SB	SB	mESC	mm10
clone_5-24_34_Fw	7196_257_clone_5-24_34_Fw_TACGCTGC-TACTCCTT_S268_R1_001.fastq.gz	R1	For_SB	SB	mESC	mm10
clone_5-24_34_Fw	7196_257_clone_5-24_34_Fw_TACGCTGC-TACTCCTT_S268_R2_001.fastq.gz	R2	For_SB	SB	mESC	mm10
clone_5-25_34_Fw	7196_258_clone_5-25_34_Fw_ATGCGCAG-TACTCCTT_S269_R1_001.fastq.gz	R1	For_SB	SB	mESC	mm10
clone_5-25_34_Fw	7196_258_clone_5-25_34_Fw_ATGCGCAG-TACTCCTT_S269_R2_001.fastq.gz	R2	For_SB	SB	mESC	mm10
clone_5-28_34_Fw	7196_259_clone_5-28_34_Fw_TAGCGCTC-TACTCCTT_S270_R1_001.fastq.gz	R1	For_SB	SB	mESC	mm10
clone_5-28_34_Fw	7196_259_clone_5-28_34_Fw_TAGCGCTC-TACTCCTT_S270_R2_001.fastq.gz	R2	For_SB	SB	mESC	mm10
clone_5-46_34_Fw	7196_260_clone_5-46_34_Fw_ACTGAGCG-TACTCCTT_S263_R1_001.fastq.gz	R1	For_SB	SB	mESC	mm10
clone_5-46_34_Fw	7196_260_clone_5-46_34_Fw_ACTGAGCG-TACTCCTT_S263_R2_001.fastq.gz	R2	For_SB	SB	mESC	mm10
clone_5-53_34_Fw	7196_261_clone_5-53_34_Fw_CCTAAGAC-TACTCCTT_S262_R1_001.fastq.gz	R1	For_SB	SB	mESC	mm10
clone_5-53_34_Fw	7196_261_clone_5-53_34_Fw_CCTAAGAC-TACTCCTT_S262_R2_001.fastq.gz	R2	For_SB	SB	mESC	mm10
clone_5-54_34_Fw	7196_262_clone_5-54_34_Fw_CGATCAGT-TACTCCTT_S153_R1_001.fastq.gz	R1	For_SB	SB	mESC	mm10
clone_5-54_34_Fw	7196_262_clone_5-54_34_Fw_CGATCAGT-TACTCCTT_S153_R2_001.fastq.gz	R2	For_SB	SB	mESC	mm10
clone_5-55_34_Fw	7196_263_clone_5-55_34_Fw_GCTCATGA-AGGCTTAG_S273_R1_001.fastq.gz	R1	For_SB	SB	mESC	mm10
clone_5-55_34_Fw	7196_263_clone_5-55_34_Fw_GCTCATGA-AGGCTTAG_S273_R2_001.fastq.gz	R2	For_SB	SB	mESC	mm10
clone_5-57_34_Fw	7196_264_clone_5-57_34_Fw_ATCTCAGG-AGGCTTAG_S274_R1_001.fastq.gz	R1	For_SB	SB	mESC	mm10
clone_5-57_34_Fw	7196_264_clone_5-57_34_Fw_ATCTCAGG-AGGCTTAG_S274_R2_001.fastq.gz	R2	For_SB	SB	mESC	mm10
clone_5-60_34_Fw	7196_265_clone_5-60_34_Fw_ACTCGCTA-AGGCTTAG_S275_R1_001.fastq.gz	R1	For_SB	SB	mESC	mm10
clone_5-60_34_Fw	7196_265_clone_5-60_34_Fw_ACTCGCTA-AGGCTTAG_S275_R2_001.fastq.gz	R2	For_SB	SB	mESC	mm10
clone_5-66_34_Fw	7196_266_clone_5-66_34_Fw_GGAGCTAC-AGGCTTAG_S276_R1_001.fastq.gz	R1	For_SB	SB	mESC	mm10
clone_5-66_34_Fw	7196_266_clone_5-66_34_Fw_GGAGCTAC-AGGCTTAG_S276_R2_001.fastq.gz	R2	For_SB	SB	mESC	mm10
clone_5-67_34_Fw	7196_267_clone_5-67_34_Fw_GCGTAGTA-AGGCTTAG_S277_R1_001.fastq.gz	R1	For_SB	SB	mESC	mm10
clone_5-67_34_Fw	7196_267_clone_5-67_34_Fw_GCGTAGTA-AGGCTTAG_S277_R2_001.fastq.gz	R2	For_SB	SB	mESC	mm10
clone_5-70_34_Fw	7196_268_clone_5-70_34_Fw_CGGAGCCT-AGGCTTAG_S278_R1_001.fastq.gz	R1	For_SB	SB	mESC	mm10
clone_5-70_34_Fw	7196_268_clone_5-70_34_Fw_CGGAGCCT-AGGCTTAG_S278_R2_001.fastq.gz	R2	For_SB	SB	mESC	mm10
clone_5-76_34_Fw	7196_269_clone_5-76_34_Fw_TACGCTGC-AGGCTTAG_S279_R1_001.fastq.gz	R1	For_SB	SB	mESC	mm10
clone_5-76_34_Fw	7196_269_clone_5-76_34_Fw_TACGCTGC-AGGCTTAG_S279_R2_001.fastq.gz	R2	For_SB	SB	mESC	mm10
clone_5-79_34_Fw	7196_270_clone_5-79_34_Fw_ATGCGCAG-AGGCTTAG_S272_R1_001.fastq.gz	R1	For_SB	SB	mESC	mm10
clone_5-79_34_Fw	7196_270_clone_5-79_34_Fw_ATGCGCAG-AGGCTTAG_S272_R2_001.fastq.gz	R2	For_SB	SB	mESC	mm10
clone_5-80_34_Fw	7196_271_clone_5-80_34_Fw_TAGCGCTC-AGGCTTAG_S171_R1_001.fastq.gz	R1	For_SB	SB	mESC	mm10
clone_5-80_34_Fw	7196_271_clone_5-80_34_Fw_TAGCGCTC-AGGCTTAG_S171_R2_001.fastq.gz	R2	For_SB	SB	mESC	mm10
clone_5-82_34_Fw	7196_272_clone_5-82_34_Fw_ACTGAGCG-AGGCTTAG_S282_R1_001.fastq.gz	R1	For_SB	SB	mESC	mm10
clone_5-82_34_Fw	7196_272_clone_5-82_34_Fw_ACTGAGCG-AGGCTTAG_S282_R2_001.fastq.gz	R2	For_SB	SB	mESC	mm10
clone_5-86_34_Fw	7196_273_clone_5-86_34_Fw_CCTAAGAC-AGGCTTAG_S283_R1_001.fastq.gz	R1	For_SB	SB	mESC	mm10
clone_5-86_34_Fw	7196_273_clone_5-86_34_Fw_CCTAAGAC-AGGCTTAG_S283_R2_001.fastq.gz	R2	For_SB	SB	mESC	mm10
clone_5-88_34_Fw	7196_274_clone_5-88_34_Fw_CGATCAGT-AGGCTTAG_S284_R1_001.fastq.gz	R1	For_SB	SB	mESC	mm10
clone_5-88_34_Fw	7196_274_clone_5-88_34_Fw_CGATCAGT-AGGCTTAG_S284_R2_001.fastq.gz	R2	For_SB	SB	mESC	mm10
clone_3-13_34_Rv	7196_275_clone_3-13_34_Rv_GCTCATGA-ATTAGACG_S285_R1_001.fastq.gz	R1	Rev_SB	SB	mESC	mm10
clone_3-13_34_Rv	7196_275_clone_3-13_34_Rv_GCTCATGA-ATTAGACG_S285_R2_001.fastq.gz	R2	Rev_SB	SB	mESC	mm10
clone_3-15_34_Rv	7196_276_clone_3-15_34_Rv_ATCTCAGG-ATTAGACG_S286_R1_001.fastq.gz	R1	Rev_SB	SB	mESC	mm10
clone_3-15_34_Rv	7196_276_clone_3-15_34_Rv_ATCTCAGG-ATTAGACG_S286_R2_001.fastq.gz	R2	Rev_SB	SB	mESC	mm10
clone_3-20_34_Rv	7196_277_clone_3-20_34_Rv_ACTCGCTA-ATTAGACG_S287_R1_001.fastq.gz	R1	Rev_SB	SB	mESC	mm10
clone_3-20_34_Rv	7196_277_clone_3-20_34_Rv_ACTCGCTA-ATTAGACG_S287_R2_001.fastq.gz	R2	Rev_SB	SB	mESC	mm10
clone_3-25_34_Rv	7196_278_clone_3-25_34_Rv_GGAGCTAC-ATTAGACG_S288_R1_001.fastq.gz	R1	Rev_SB	SB	mESC	mm10
clone_3-25_34_Rv	7196_278_clone_3-25_34_Rv_GGAGCTAC-ATTAGACG_S288_R2_001.fastq.gz	R2	Rev_SB	SB	mESC	mm10
clone_3-31_34_Rv	7196_279_clone_3-31_34_Rv_GCGTAGTA-ATTAGACG_S281_R1_001.fastq.gz	R1	Rev_SB	SB	mESC	mm10
clone_3-31_34_Rv	7196_279_clone_3-31_34_Rv_GCGTAGTA-ATTAGACG_S281_R2_001.fastq.gz	R2	Rev_SB	SB	mESC	mm10
clone_3-32_34_Rv	7196_280_clone_3-32_34_Rv_CGGAGCCT-ATTAGACG_S190_R1_001.fastq.gz	R1	Rev_SB	SB	mESC	mm10
clone_3-32_34_Rv	7196_280_clone_3-32_34_Rv_CGGAGCCT-ATTAGACG_S190_R2_001.fastq.gz	R2	Rev_SB	SB	mESC	mm10
clone_3-33_34_Rv	7196_281_clone_3-33_34_Rv_TACGCTGC-ATTAGACG_S291_R1_001.fastq.gz	R1	Rev_SB	SB	mESC	mm10
clone_3-33_34_Rv	7196_281_clone_3-33_34_Rv_TACGCTGC-ATTAGACG_S291_R2_001.fastq.gz	R2	Rev_SB	SB	mESC	mm10
clone_3-42_34_Rv	7196_282_clone_3-42_34_Rv_ATGCGCAG-ATTAGACG_S292_R1_001.fastq.gz	R1	Rev_SB	SB	mESC	mm10
clone_3-42_34_Rv	7196_282_clone_3-42_34_Rv_ATGCGCAG-ATTAGACG_S292_R2_001.fastq.gz	R2	Rev_SB	SB	mESC	mm10
clone_3-49_34_Rv	7196_283_clone_3-49_34_Rv_TAGCGCTC-ATTAGACG_S293_R1_001.fastq.gz	R1	Rev_SB	SB	mESC	mm10
clone_3-49_34_Rv	7196_283_clone_3-49_34_Rv_TAGCGCTC-ATTAGACG_S293_R2_001.fastq.gz	R2	Rev_SB	SB	mESC	mm10
clone_3-50_34_Rv	7196_284_clone_3-50_34_Rv_ACTGAGCG-ATTAGACG_S294_R1_001.fastq.gz	R1	Rev_SB	SB	mESC	mm10
clone_3-50_34_Rv	7196_284_clone_3-50_34_Rv_ACTGAGCG-ATTAGACG_S294_R2_001.fastq.gz	R2	Rev_SB	SB	mESC	mm10
clone_3-52_34_Rv	7196_285_clone_3-52_34_Rv_CCTAAGAC-ATTAGACG_S296_R1_001.fastq.gz	R1	Rev_SB	SB	mESC	mm10
clone_3-52_34_Rv	7196_285_clone_3-52_34_Rv_CCTAAGAC-ATTAGACG_S296_R2_001.fastq.gz	R2	Rev_SB	SB	mESC	mm10
clone_3-54_34_Rv	7196_286_clone_3-54_34_Rv_CGATCAGT-ATTAGACG_S297_R1_001.fastq.gz	R1	Rev_SB	SB	mESC	mm10
clone_3-54_34_Rv	7196_286_clone_3-54_34_Rv_CGATCAGT-ATTAGACG_S297_R2_001.fastq.gz	R2	Rev_SB	SB	mESC	mm10
clone_3-55_34_Rv	7196_287_clone_3-55_34_Rv_GCTCATGA-CGGAGAGA_S295_R1_001.fastq.gz	R1	Rev_SB	SB	mESC	mm10
clone_3-55_34_Rv	7196_287_clone_3-55_34_Rv_GCTCATGA-CGGAGAGA_S295_R2_001.fastq.gz	R2	Rev_SB	SB	mESC	mm10
clone_3-59_34_Rv	7196_288_clone_3-59_34_Rv_ATCTCAGG-CGGAGAGA_S206_R1_001.fastq.gz	R1	Rev_SB	SB	mESC	mm10
clone_3-59_34_Rv	7196_288_clone_3-59_34_Rv_ATCTCAGG-CGGAGAGA_S206_R2_001.fastq.gz	R2	Rev_SB	SB	mESC	mm10
clone_3-68_34_Rv	7196_289_clone_3-68_34_Rv_ACTCGCTA-CGGAGAGA_S290_R1_001.fastq.gz	R1	Rev_SB	SB	mESC	mm10
clone_3-68_34_Rv	7196_289_clone_3-68_34_Rv_ACTCGCTA-CGGAGAGA_S290_R2_001.fastq.gz	R2	Rev_SB	SB	mESC	mm10
clone_3-69_34_Rv	7196_290_clone_3-69_34_Rv_GGAGCTAC-CGGAGAGA_S301_R1_001.fastq.gz	R1	Rev_SB	SB	mESC	mm10
clone_3-69_34_Rv	7196_290_clone_3-69_34_Rv_GGAGCTAC-CGGAGAGA_S301_R2_001.fastq.gz	R2	Rev_SB	SB	mESC	mm10
clone_3-78_34_Rv	7196_291_clone_3-78_34_Rv_GCGTAGTA-CGGAGAGA_S302_R1_001.fastq.gz	R1	Rev_SB	SB	mESC	mm10
clone_3-78_34_Rv	7196_291_clone_3-78_34_Rv_GCGTAGTA-CGGAGAGA_S302_R2_001.fastq.gz	R2	Rev_SB	SB	mESC	mm10
clone_3-86_34_Rv	7196_292_clone_3-86_34_Rv_CGGAGCCT-CGGAGAGA_S303_R1_001.fastq.gz	R1	Rev_SB	SB	mESC	mm10
clone_3-86_34_Rv	7196_292_clone_3-86_34_Rv_CGGAGCCT-CGGAGAGA_S303_R2_001.fastq.gz	R2	Rev_SB	SB	mESC	mm10
clone_3-88_34_Rv	7196_293_clone_3-88_34_Rv_TACGCTGC-CGGAGAGA_S304_R1_001.fastq.gz	R1	Rev_SB	SB	mESC	mm10
clone_3-88_34_Rv	7196_293_clone_3-88_34_Rv_TACGCTGC-CGGAGAGA_S304_R2_001.fastq.gz	R2	Rev_SB	SB	mESC	mm10
clone_3-91_34_Rv	7196_294_clone_3-91_34_Rv_ATGCGCAG-CGGAGAGA_S305_R1_001.fastq.gz	R1	Rev_SB	SB	mESC	mm10
clone_3-91_34_Rv	7196_294_clone_3-91_34_Rv_ATGCGCAG-CGGAGAGA_S305_R2_001.fastq.gz	R2	Rev_SB	SB	mESC	mm10
clone_3-96_34_Rv	7196_295_clone_3-96_34_Rv_TAGCGCTC-CGGAGAGA_S219_R1_001.fastq.gz	R1	Rev_SB	SB	mESC	mm10
clone_3-96_34_Rv	7196_295_clone_3-96_34_Rv_TAGCGCTC-CGGAGAGA_S219_R2_001.fastq.gz	R2	Rev_SB	SB	mESC	mm10
clone_6-1_34_Rv	7196_296_clone_6-1_34_Rv_ACTGAGCG-CGGAGAGA_S306_R1_001.fastq.gz	R1	Rev_SB	SB	mESC	mm10
clone_6-1_34_Rv	7196_296_clone_6-1_34_Rv_ACTGAGCG-CGGAGAGA_S306_R2_001.fastq.gz	R2	Rev_SB	SB	mESC	mm10
clone_6-7_34_Rv	7196_297_clone_6-7_34_Rv_CCTAAGAC-CGGAGAGA_S300_R1_001.fastq.gz	R1	Rev_SB	SB	mESC	mm10
clone_6-7_34_Rv	7196_297_clone_6-7_34_Rv_CCTAAGAC-CGGAGAGA_S300_R2_001.fastq.gz	R2	Rev_SB	SB	mESC	mm10
clone_6-11_34_Rv	7196_298_clone_6-11_34_Rv_CGATCAGT-CGGAGAGA_S299_R1_001.fastq.gz	R1	Rev_SB	SB	mESC	mm10
clone_6-11_34_Rv	7196_298_clone_6-11_34_Rv_CGATCAGT-CGGAGAGA_S299_R2_001.fastq.gz	R2	Rev_SB	SB	mESC	mm10
clone_6-12_34_Rv	7196_299_clone_6-12_34_Rv_GCTCATGA-CTAGTCGA_S309_R1_001.fastq.gz	R1	Rev_SB	SB	mESC	mm10
clone_6-12_34_Rv	7196_299_clone_6-12_34_Rv_GCTCATGA-CTAGTCGA_S309_R2_001.fastq.gz	R2	Rev_SB	SB	mESC	mm10
clone_6-13_34_Rv	7196_300_clone_6-13_34_Rv_ATCTCAGG-CTAGTCGA_S230_R1_001.fastq.gz	R1	Rev_SB	SB	mESC	mm10
clone_6-13_34_Rv	7196_300_clone_6-13_34_Rv_ATCTCAGG-CTAGTCGA_S230_R2_001.fastq.gz	R2	Rev_SB	SB	mESC	mm10
clone_6-15_34_Rv	7196_301_clone_6-15_34_Rv_ACTCGCTA-CTAGTCGA_S310_R1_001.fastq.gz	R1	Rev_SB	SB	mESC	mm10
clone_6-15_34_Rv	7196_301_clone_6-15_34_Rv_ACTCGCTA-CTAGTCGA_S310_R2_001.fastq.gz	R2	Rev_SB	SB	mESC	mm10
clone_6-17_34_Rv	7196_302_clone_6-17_34_Rv_GGAGCTAC-CTAGTCGA_S312_R1_001.fastq.gz	R1	Rev_SB	SB	mESC	mm10
clone_6-17_34_Rv	7196_302_clone_6-17_34_Rv_GGAGCTAC-CTAGTCGA_S312_R2_001.fastq.gz	R2	Rev_SB	SB	mESC	mm10
clone_6-20_34_Rv	7196_303_clone_6-20_34_Rv_GCGTAGTA-CTAGTCGA_S313_R1_001.fastq.gz	R1	Rev_SB	SB	mESC	mm10
clone_6-20_34_Rv	7196_303_clone_6-20_34_Rv_GCGTAGTA-CTAGTCGA_S313_R2_001.fastq.gz	R2	Rev_SB	SB	mESC	mm10
clone_6-23_34_Rv	7196_304_clone_6-23_34_Rv_CGGAGCCT-CTAGTCGA_S314_R1_001.fastq.gz	R1	Rev_SB	SB	mESC	mm10
clone_6-23_34_Rv	7196_304_clone_6-23_34_Rv_CGGAGCCT-CTAGTCGA_S314_R2_001.fastq.gz	R2	Rev_SB	SB	mESC	mm10
clone_6-29_34_Rv	7196_305_clone_6-29_34_Rv_TACGCTGC-CTAGTCGA_S311_R1_001.fastq.gz	R1	Rev_SB	SB	mESC	mm10
clone_6-29_34_Rv	7196_305_clone_6-29_34_Rv_TACGCTGC-CTAGTCGA_S311_R2_001.fastq.gz	R2	Rev_SB	SB	mESC	mm10
clone_6-30_34_Rv	7196_306_clone_6-30_34_Rv_ATGCGCAG-CTAGTCGA_S241_R1_001.fastq.gz	R1	Rev_SB	SB	mESC	mm10
clone_6-30_34_Rv	7196_306_clone_6-30_34_Rv_ATGCGCAG-CTAGTCGA_S241_R2_001.fastq.gz	R2	Rev_SB	SB	mESC	mm10
clone_6-39_34_Rv	7196_307_clone_6-39_34_Rv_TAGCGCTC-CTAGTCGA_S308_R1_001.fastq.gz	R1	Rev_SB	SB	mESC	mm10
clone_6-39_34_Rv	7196_307_clone_6-39_34_Rv_TAGCGCTC-CTAGTCGA_S308_R2_001.fastq.gz	R2	Rev_SB	SB	mESC	mm10
clone_6-43_34_Rv	7196_308_clone_6-43_34_Rv_ACTGAGCG-CTAGTCGA_S318_R1_001.fastq.gz	R1	Rev_SB	SB	mESC	mm10
clone_6-43_34_Rv	7196_308_clone_6-43_34_Rv_ACTGAGCG-CTAGTCGA_S318_R2_001.fastq.gz	R2	Rev_SB	SB	mESC	mm10
clone_6-44_34_Rv	7196_309_clone_6-44_34_Rv_CCTAAGAC-CTAGTCGA_S319_R1_001.fastq.gz	R1	Rev_SB	SB	mESC	mm10
clone_6-44_34_Rv	7196_309_clone_6-44_34_Rv_CCTAAGAC-CTAGTCGA_S319_R2_001.fastq.gz	R2	Rev_SB	SB	mESC	mm10
clone_6-47_34_Rv	7196_310_clone_6-47_34_Rv_CGATCAGT-CTAGTCGA_S320_R1_001.fastq.gz	R1	Rev_SB	SB	mESC	mm10
clone_6-47_34_Rv	7196_310_clone_6-47_34_Rv_CGATCAGT-CTAGTCGA_S320_R2_001.fastq.gz	R2	Rev_SB	SB	mESC	mm10
clone_6-54_34_Rv	7196_311_clone_6-54_34_Rv_GCTCATGA-AGCTAGAA_S251_R1_001.fastq.gz	R1	Rev_SB	SB	mESC	mm10
clone_6-54_34_Rv	7196_311_clone_6-54_34_Rv_GCTCATGA-AGCTAGAA_S251_R2_001.fastq.gz	R2	Rev_SB	SB	mESC	mm10
clone_6-62_34_Rv	7196_312_clone_6-62_34_Rv_ATCTCAGG-AGCTAGAA_S322_R1_001.fastq.gz	R1	Rev_SB	SB	mESC	mm10
clone_6-62_34_Rv	7196_312_clone_6-62_34_Rv_ATCTCAGG-AGCTAGAA_S322_R2_001.fastq.gz	R2	Rev_SB	SB	mESC	mm10
clone_6-67_34_Rv	7196_313_clone_6-67_34_Rv_ACTCGCTA-AGCTAGAA_S321_R1_001.fastq.gz	R1	Rev_SB	SB	mESC	mm10
clone_6-67_34_Rv	7196_313_clone_6-67_34_Rv_ACTCGCTA-AGCTAGAA_S321_R2_001.fastq.gz	R2	Rev_SB	SB	mESC	mm10
clone_6-68_34_Rv	7196_314_clone_6-68_34_Rv_GGAGCTAC-AGCTAGAA_S317_R1_001.fastq.gz	R1	Rev_SB	SB	mESC	mm10
clone_6-68_34_Rv	7196_314_clone_6-68_34_Rv_GGAGCTAC-AGCTAGAA_S317_R2_001.fastq.gz	R2	Rev_SB	SB	mESC	mm10
clone_6-69_34_Rv	7196_315_clone_6-69_34_Rv_GCGTAGTA-AGCTAGAA_S316_R1_001.fastq.gz	R1	Rev_SB	SB	mESC	mm10
clone_6-69_34_Rv	7196_315_clone_6-69_34_Rv_GCGTAGTA-AGCTAGAA_S316_R2_001.fastq.gz	R2	Rev_SB	SB	mESC	mm10
clone_6-71_34_Rv	7196_316_clone_6-71_34_Rv_CGGAGCCT-AGCTAGAA_S261_R1_001.fastq.gz	R1	Rev_SB	SB	mESC	mm10
clone_6-71_34_Rv	7196_316_clone_6-71_34_Rv_CGGAGCCT-AGCTAGAA_S261_R2_001.fastq.gz	R2	Rev_SB	SB	mESC	mm10
clone_6-75_34_Rv	7196_317_clone_6-75_34_Rv_TACGCTGC-AGCTAGAA_S326_R1_001.fastq.gz	R1	Rev_SB	SB	mESC	mm10
clone_6-75_34_Rv	7196_317_clone_6-75_34_Rv_TACGCTGC-AGCTAGAA_S326_R2_001.fastq.gz	R2	Rev_SB	SB	mESC	mm10
clone_6-76_34_Rv	7196_318_clone_6-76_34_Rv_ATGCGCAG-AGCTAGAA_S327_R1_001.fastq.gz	R1	Rev_SB	SB	mESC	mm10
clone_6-76_34_Rv	7196_318_clone_6-76_34_Rv_ATGCGCAG-AGCTAGAA_S327_R2_001.fastq.gz	R2	Rev_SB	SB	mESC	mm10
clone_6-83_34_Rv	7196_319_clone_6-83_34_Rv_TAGCGCTC-AGCTAGAA_S328_R1_001.fastq.gz	R1	Rev_SB	SB	mESC	mm10
clone_6-83_34_Rv	7196_319_clone_6-83_34_Rv_TAGCGCTC-AGCTAGAA_S328_R2_001.fastq.gz	R2	Rev_SB	SB	mESC	mm10
clone_6-89_34_Rv	7196_320_clone_6-89_34_Rv_ACTGAGCG-AGCTAGAA_S329_R1_001.fastq.gz	R1	Rev_SB	SB	mESC	mm10
clone_6-89_34_Rv	7196_320_clone_6-89_34_Rv_ACTGAGCG-AGCTAGAA_S329_R2_001.fastq.gz	R2	Rev_SB	SB	mESC	mm10
clone_6-96_34_Rv	7196_321_clone_6-96_34_Rv_CCTAAGAC-AGCTAGAA_S271_R1_001.fastq.gz	R1	Rev_SB	SB	mESC	mm10
clone_6-96_34_Rv	7196_321_clone_6-96_34_Rv_CCTAAGAC-AGCTAGAA_S271_R2_001.fastq.gz	R2	Rev_SB	SB	mESC	mm10
clone_4-1_34_Rv	7196_322_clone_4-1_34_Rv_CGATCAGT-AGCTAGAA_S325_R1_001.fastq.gz	R1	Rev_SB	SB	mESC	mm10
clone_4-1_34_Rv	7196_322_clone_4-1_34_Rv_CGATCAGT-AGCTAGAA_S325_R2_001.fastq.gz	R2	Rev_SB	SB	mESC	mm10
clone_4-2_34_Rv	7196_323_clone_4-2_34_Rv_GCTCATGA-ACTCTAGG_S324_R1_001.fastq.gz	R1	Rev_SB	SB	mESC	mm10
clone_4-2_34_Rv	7196_323_clone_4-2_34_Rv_GCTCATGA-ACTCTAGG_S324_R2_001.fastq.gz	R2	Rev_SB	SB	mESC	mm10
clone_4-3_34_Rv	7196_324_clone_4-3_34_Rv_ATCTCAGG-ACTCTAGG_S332_R1_001.fastq.gz	R1	Rev_SB	SB	mESC	mm10
clone_4-3_34_Rv	7196_324_clone_4-3_34_Rv_ATCTCAGG-ACTCTAGG_S332_R2_001.fastq.gz	R2	Rev_SB	SB	mESC	mm10
clone_4-4_34_Rv	7196_325_clone_4-4_34_Rv_ACTCGCTA-ACTCTAGG_S280_R1_001.fastq.gz	R1	Rev_SB	SB	mESC	mm10
clone_4-4_34_Rv	7196_325_clone_4-4_34_Rv_ACTCGCTA-ACTCTAGG_S280_R2_001.fastq.gz	R2	Rev_SB	SB	mESC	mm10
clone_4-5_34_Rv	7196_326_clone_4-5_34_Rv_GGAGCTAC-ACTCTAGG_S333_R1_001.fastq.gz	R1	Rev_SB	SB	mESC	mm10
clone_4-5_34_Rv	7196_326_clone_4-5_34_Rv_GGAGCTAC-ACTCTAGG_S333_R2_001.fastq.gz	R2	Rev_SB	SB	mESC	mm10
clone_4-10_34_Rv	7196_327_clone_4-10_34_Rv_GCGTAGTA-ACTCTAGG_S335_R1_001.fastq.gz	R1	Rev_SB	SB	mESC	mm10
clone_4-10_34_Rv	7196_327_clone_4-10_34_Rv_GCGTAGTA-ACTCTAGG_S335_R2_001.fastq.gz	R2	Rev_SB	SB	mESC	mm10
clone_4-11_34_Rv	7196_328_clone_4-11_34_Rv_CGGAGCCT-ACTCTAGG_S334_R1_001.fastq.gz	R1	Rev_SB	SB	mESC	mm10
clone_4-11_34_Rv	7196_328_clone_4-11_34_Rv_CGGAGCCT-ACTCTAGG_S334_R2_001.fastq.gz	R2	Rev_SB	SB	mESC	mm10
clone_4-16_34_Rv	7196_329_clone_4-16_34_Rv_TACGCTGC-ACTCTAGG_S331_R1_001.fastq.gz	R1	Rev_SB	SB	mESC	mm10
clone_4-16_34_Rv	7196_329_clone_4-16_34_Rv_TACGCTGC-ACTCTAGG_S331_R2_001.fastq.gz	R2	Rev_SB	SB	mESC	mm10
clone_4-18_34_Rv	7196_330_clone_4-18_34_Rv_ATGCGCAG-ACTCTAGG_S289_R1_001.fastq.gz	R1	Rev_SB	SB	mESC	mm10
clone_4-18_34_Rv	7196_330_clone_4-18_34_Rv_ATGCGCAG-ACTCTAGG_S289_R2_001.fastq.gz	R2	Rev_SB	SB	mESC	mm10
clone_4-19_34_Rv	7196_331_clone_4-19_34_Rv_TAGCGCTC-ACTCTAGG_S338_R1_001.fastq.gz	R1	Rev_SB	SB	mESC	mm10
clone_4-19_34_Rv	7196_331_clone_4-19_34_Rv_TAGCGCTC-ACTCTAGG_S338_R2_001.fastq.gz	R2	Rev_SB	SB	mESC	mm10
clone_4-23_34_Rv	7196_332_clone_4-23_34_Rv_ACTGAGCG-ACTCTAGG_S340_R1_001.fastq.gz	R1	Rev_SB	SB	mESC	mm10
clone_4-23_34_Rv	7196_332_clone_4-23_34_Rv_ACTGAGCG-ACTCTAGG_S340_R2_001.fastq.gz	R2	Rev_SB	SB	mESC	mm10
clone_4-27_34_Rv	7196_333_clone_4-27_34_Rv_CCTAAGAC-ACTCTAGG_S341_R1_001.fastq.gz	R1	Rev_SB	SB	mESC	mm10
clone_4-27_34_Rv	7196_333_clone_4-27_34_Rv_CCTAAGAC-ACTCTAGG_S341_R2_001.fastq.gz	R2	Rev_SB	SB	mESC	mm10
clone_4-31_34_Rv	7196_334_clone_4-31_34_Rv_CGATCAGT-ACTCTAGG_S298_R1_001.fastq.gz	R1	Rev_SB	SB	mESC	mm10
clone_4-31_34_Rv	7196_334_clone_4-31_34_Rv_CGATCAGT-ACTCTAGG_S298_R2_001.fastq.gz	R2	Rev_SB	SB	mESC	mm10
clone_4-40_34_Rv	7196_335_clone_4-40_34_Rv_GCTCATGA-TCTTACGC_S339_R1_001.fastq.gz	R1	Rev_SB	SB	mESC	mm10
clone_4-40_34_Rv	7196_335_clone_4-40_34_Rv_GCTCATGA-TCTTACGC_S339_R2_001.fastq.gz	R2	Rev_SB	SB	mESC	mm10
clone_4-46_34_Rv	7196_336_clone_4-46_34_Rv_ATCTCAGG-TCTTACGC_S337_R1_001.fastq.gz	R1	Rev_SB	SB	mESC	mm10
clone_4-46_34_Rv	7196_336_clone_4-46_34_Rv_ATCTCAGG-TCTTACGC_S337_R2_001.fastq.gz	R2	Rev_SB	SB	mESC	mm10
clone_4-47_34_Rv	7196_337_clone_4-47_34_Rv_ACTCGCTA-TCTTACGC_S345_R1_001.fastq.gz	R1	Rev_SB	SB	mESC	mm10
clone_4-47_34_Rv	7196_337_clone_4-47_34_Rv_ACTCGCTA-TCTTACGC_S345_R2_001.fastq.gz	R2	Rev_SB	SB	mESC	mm10
clone_4-48_34_Rv	7196_338_clone_4-48_34_Rv_GGAGCTAC-TCTTACGC_S346_R1_001.fastq.gz	R1	Rev_SB	SB	mESC	mm10
clone_4-48_34_Rv	7196_338_clone_4-48_34_Rv_GGAGCTAC-TCTTACGC_S346_R2_001.fastq.gz	R2	Rev_SB	SB	mESC	mm10
clone_4-54_34_Rv	7196_339_clone_4-54_34_Rv_GCGTAGTA-TCTTACGC_S307_R1_001.fastq.gz	R1	Rev_SB	SB	mESC	mm10
clone_4-54_34_Rv	7196_339_clone_4-54_34_Rv_GCGTAGTA-TCTTACGC_S307_R2_001.fastq.gz	R2	Rev_SB	SB	mESC	mm10
clone_4-62_34_Rv	7196_340_clone_4-62_34_Rv_CGGAGCCT-TCTTACGC_S347_R1_001.fastq.gz	R1	Rev_SB	SB	mESC	mm10
clone_4-62_34_Rv	7196_340_clone_4-62_34_Rv_CGGAGCCT-TCTTACGC_S347_R2_001.fastq.gz	R2	Rev_SB	SB	mESC	mm10
clone_4-64_34_Rv	7196_341_clone_4-64_34_Rv_TACGCTGC-TCTTACGC_S344_R1_001.fastq.gz	R1	Rev_SB	SB	mESC	mm10
clone_4-64_34_Rv	7196_341_clone_4-64_34_Rv_TACGCTGC-TCTTACGC_S344_R2_001.fastq.gz	R2	Rev_SB	SB	mESC	mm10
clone_4-74_34_Rv	7196_342_clone_4-74_34_Rv_ATGCGCAG-TCTTACGC_S343_R1_001.fastq.gz	R1	Rev_SB	SB	mESC	mm10
clone_4-74_34_Rv	7196_342_clone_4-74_34_Rv_ATGCGCAG-TCTTACGC_S343_R2_001.fastq.gz	R2	Rev_SB	SB	mESC	mm10
clone_4-77_34_Rv	7196_343_clone_4-77_34_Rv_TAGCGCTC-TCTTACGC_S315_R1_001.fastq.gz	R1	Rev_SB	SB	mESC	mm10
clone_4-77_34_Rv	7196_343_clone_4-77_34_Rv_TAGCGCTC-TCTTACGC_S315_R2_001.fastq.gz	R2	Rev_SB	SB	mESC	mm10
clone_4-79_34_Rv	7196_344_clone_4-79_34_Rv_ACTGAGCG-TCTTACGC_S351_R1_001.fastq.gz	R1	Rev_SB	SB	mESC	mm10
clone_4-79_34_Rv	7196_344_clone_4-79_34_Rv_ACTGAGCG-TCTTACGC_S351_R2_001.fastq.gz	R2	Rev_SB	SB	mESC	mm10
clone_4-83_34_Rv	7196_345_clone_4-83_34_Rv_CCTAAGAC-TCTTACGC_S352_R1_001.fastq.gz	R1	Rev_SB	SB	mESC	mm10
clone_4-83_34_Rv	7196_345_clone_4-83_34_Rv_CCTAAGAC-TCTTACGC_S352_R2_001.fastq.gz	R2	Rev_SB	SB	mESC	mm10
clone_4-84_34_Rv	7196_346_clone_4-84_34_Rv_CGATCAGT-TCTTACGC_S350_R1_001.fastq.gz	R1	Rev_SB	SB	mESC	mm10
clone_4-84_34_Rv	7196_346_clone_4-84_34_Rv_CGATCAGT-TCTTACGC_S350_R2_001.fastq.gz	R2	Rev_SB	SB	mESC	mm10
clone_4-89_34_Rv	7196_347_clone_4-89_34_Rv_GCTCATGA-CTTAATAG_S323_R1_001.fastq.gz	R1	Rev_SB	SB	mESC	mm10
clone_4-89_34_Rv	7196_347_clone_4-89_34_Rv_GCTCATGA-CTTAATAG_S323_R2_001.fastq.gz	R2	Rev_SB	SB	mESC	mm10
clone_4-92_34_Rv	7196_348_clone_4-92_34_Rv_ATCTCAGG-CTTAATAG_S349_R1_001.fastq.gz	R1	Rev_SB	SB	mESC	mm10
clone_4-92_34_Rv	7196_348_clone_4-92_34_Rv_ATCTCAGG-CTTAATAG_S349_R2_001.fastq.gz	R2	Rev_SB	SB	mESC	mm10
clone_4-94_34_Rv	7196_349_clone_4-94_34_Rv_ACTCGCTA-CTTAATAG_S355_R1_001.fastq.gz	R1	Rev_SB	SB	mESC	mm10
clone_4-94_34_Rv	7196_349_clone_4-94_34_Rv_ACTCGCTA-CTTAATAG_S355_R2_001.fastq.gz	R2	Rev_SB	SB	mESC	mm10
clone_4-95_34_Rv	7196_350_clone_4-95_34_Rv_GGAGCTAC-CTTAATAG_S330_R1_001.fastq.gz	R1	Rev_SB	SB	mESC	mm10
clone_4-95_34_Rv	7196_350_clone_4-95_34_Rv_GGAGCTAC-CTTAATAG_S330_R2_001.fastq.gz	R2	Rev_SB	SB	mESC	mm10
clone_5-3_34_Rv	7196_351_clone_5-3_34_Rv_GCGTAGTA-CTTAATAG_S356_R1_001.fastq.gz	R1	Rev_SB	SB	mESC	mm10
clone_5-3_34_Rv	7196_351_clone_5-3_34_Rv_GCGTAGTA-CTTAATAG_S356_R2_001.fastq.gz	R2	Rev_SB	SB	mESC	mm10
clone_5-11_34_Rv	7196_352_clone_5-11_34_Rv_CGGAGCCT-CTTAATAG_S354_R1_001.fastq.gz	R1	Rev_SB	SB	mESC	mm10
clone_5-11_34_Rv	7196_352_clone_5-11_34_Rv_CGGAGCCT-CTTAATAG_S354_R2_001.fastq.gz	R2	Rev_SB	SB	mESC	mm10
clone_5-24_34_Rv	7196_353_clone_5-24_34_Rv_TACGCTGC-CTTAATAG_S336_R1_001.fastq.gz	R1	Rev_SB	SB	mESC	mm10
clone_5-24_34_Rv	7196_353_clone_5-24_34_Rv_TACGCTGC-CTTAATAG_S336_R2_001.fastq.gz	R2	Rev_SB	SB	mESC	mm10
clone_5-25_34_Rv	7196_354_clone_5-25_34_Rv_ATGCGCAG-CTTAATAG_S360_R1_001.fastq.gz	R1	Rev_SB	SB	mESC	mm10
clone_5-25_34_Rv	7196_354_clone_5-25_34_Rv_ATGCGCAG-CTTAATAG_S360_R2_001.fastq.gz	R2	Rev_SB	SB	mESC	mm10
clone_5-28_34_Rv	7196_355_clone_5-28_34_Rv_TAGCGCTC-CTTAATAG_S359_R1_001.fastq.gz	R1	Rev_SB	SB	mESC	mm10
clone_5-28_34_Rv	7196_355_clone_5-28_34_Rv_TAGCGCTC-CTTAATAG_S359_R2_001.fastq.gz	R2	Rev_SB	SB	mESC	mm10
clone_5-46_34_Rv	7196_356_clone_5-46_34_Rv_ACTGAGCG-CTTAATAG_S342_R1_001.fastq.gz	R1	Rev_SB	SB	mESC	mm10
clone_5-46_34_Rv	7196_356_clone_5-46_34_Rv_ACTGAGCG-CTTAATAG_S342_R2_001.fastq.gz	R2	Rev_SB	SB	mESC	mm10
clone_5-53_34_Rv	7196_357_clone_5-53_34_Rv_CCTAAGAC-CTTAATAG_S358_R1_001.fastq.gz	R1	Rev_SB	SB	mESC	mm10
clone_5-53_34_Rv	7196_357_clone_5-53_34_Rv_CCTAAGAC-CTTAATAG_S358_R2_001.fastq.gz	R2	Rev_SB	SB	mESC	mm10
clone_5-54_34_Rv	7196_358_clone_5-54_34_Rv_CGATCAGT-CTTAATAG_S361_R1_001.fastq.gz	R1	Rev_SB	SB	mESC	mm10
clone_5-54_34_Rv	7196_358_clone_5-54_34_Rv_CGATCAGT-CTTAATAG_S361_R2_001.fastq.gz	R2	Rev_SB	SB	mESC	mm10
clone_5-55_34_Rv	7196_359_clone_5-55_34_Rv_GCTCATGA-ATAGCCTT_S348_R1_001.fastq.gz	R1	Rev_SB	SB	mESC	mm10
clone_5-55_34_Rv	7196_359_clone_5-55_34_Rv_GCTCATGA-ATAGCCTT_S348_R2_001.fastq.gz	R2	Rev_SB	SB	mESC	mm10
clone_5-57_34_Rv	7196_360_clone_5-57_34_Rv_ATCTCAGG-ATAGCCTT_S362_R1_001.fastq.gz	R1	Rev_SB	SB	mESC	mm10
clone_5-57_34_Rv	7196_360_clone_5-57_34_Rv_ATCTCAGG-ATAGCCTT_S362_R2_001.fastq.gz	R2	Rev_SB	SB	mESC	mm10
clone_5-60_34_Rv	7196_361_clone_5-60_34_Rv_ACTCGCTA-ATAGCCTT_S363_R1_001.fastq.gz	R1	Rev_SB	SB	mESC	mm10
clone_5-60_34_Rv	7196_361_clone_5-60_34_Rv_ACTCGCTA-ATAGCCTT_S363_R2_001.fastq.gz	R2	Rev_SB	SB	mESC	mm10
clone_5-66_34_Rv	7196_362_clone_5-66_34_Rv_GGAGCTAC-ATAGCCTT_S353_R1_001.fastq.gz	R1	Rev_SB	SB	mESC	mm10
clone_5-66_34_Rv	7196_362_clone_5-66_34_Rv_GGAGCTAC-ATAGCCTT_S353_R2_001.fastq.gz	R2	Rev_SB	SB	mESC	mm10
clone_5-67_34_Rv	7196_363_clone_5-67_34_Rv_GCGTAGTA-ATAGCCTT_S364_R1_001.fastq.gz	R1	Rev_SB	SB	mESC	mm10
clone_5-67_34_Rv	7196_363_clone_5-67_34_Rv_GCGTAGTA-ATAGCCTT_S364_R2_001.fastq.gz	R2	Rev_SB	SB	mESC	mm10
clone_5-70_34_Rv	7196_364_clone_5-70_34_Rv_CGGAGCCT-ATAGCCTT_S357_R1_001.fastq.gz	R1	Rev_SB	SB	mESC	mm10
clone_5-70_34_Rv	7196_364_clone_5-70_34_Rv_CGGAGCCT-ATAGCCTT_S357_R2_001.fastq.gz	R2	Rev_SB	SB	mESC	mm10
clone_5-76_34_Rv	7196_365_clone_5-76_34_Rv_TACGCTGC-ATAGCCTT_S365_R1_001.fastq.gz	R1	Rev_SB	SB	mESC	mm10
clone_5-76_34_Rv	7196_365_clone_5-76_34_Rv_TACGCTGC-ATAGCCTT_S365_R2_001.fastq.gz	R2	Rev_SB	SB	mESC	mm10
clone_5-79_34_Rv	7196_366_clone_5-79_34_Rv_ATGCGCAG-ATAGCCTT_S366_R1_001.fastq.gz	R1	Rev_SB	SB	mESC	mm10
clone_5-79_34_Rv	7196_366_clone_5-79_34_Rv_ATGCGCAG-ATAGCCTT_S366_R2_001.fastq.gz	R2	Rev_SB	SB	mESC	mm10
clone_5-80_34_Rv	7196_367_clone_5-80_34_Rv_TAGCGCTC-ATAGCCTT_S367_R1_001.fastq.gz	R1	Rev_SB	SB	mESC	mm10
clone_5-80_34_Rv	7196_367_clone_5-80_34_Rv_TAGCGCTC-ATAGCCTT_S367_R2_001.fastq.gz	R2	Rev_SB	SB	mESC	mm10
clone_5-82_34_Rv	7196_368_clone_5-82_34_Rv_ACTGAGCG-ATAGCCTT_S368_R1_001.fastq.gz	R1	Rev_SB	SB	mESC	mm10
clone_5-82_34_Rv	7196_368_clone_5-82_34_Rv_ACTGAGCG-ATAGCCTT_S368_R2_001.fastq.gz	R2	Rev_SB	SB	mESC	mm10
clone_5-86_34_Rv	7196_369_clone_5-86_34_Rv_CCTAAGAC-ATAGCCTT_S369_R1_001.fastq.gz	R1	Rev_SB	SB	mESC	mm10
clone_5-86_34_Rv	7196_369_clone_5-86_34_Rv_CCTAAGAC-ATAGCCTT_S369_R2_001.fastq.gz	R2	Rev_SB	SB	mESC	mm10
clone_5-88_34_Rv	7196_370_clone_5-88_34_Rv_CGATCAGT-ATAGCCTT_S370_R1_001.fastq.gz	R1	Rev_SB	SB	mESC	mm10
clone_5-88_34_Rv	7196_370_clone_5-88_34_Rv_CGATCAGT-ATAGCCTT_S370_R2_001.fastq.gz	R2	Rev_SB	SB	mESC	mm10
